id,nombre,games,minutos_jugados,goals,xG,assists,xA,shots,key_passes,yellow_cards,red_cards,position,club_actual,npg,npxG,xGChain,xGBuildup
11898,Mateo Retegui,36,2435,25,23.05881144106388,8,5.460668161511421,104,38,3,0,F S,Atalanta,21,19.252317164093256,26.73618371039629,7.0630652736872435
1304,Moise Kean,32,2722,19,21.887753661721945,3,2.3220364889129996,105,19,6,0,F S,Fiorentina,18,20.365155961364508,22.372604370117188,2.2697757203131914
5556,Ademola Lookman,31,2295,15,13.808704778552055,5,8.88729977607727,82,60,4,0,F M S,Atalanta,14,13.047405943274498,24.82031987607479,8.259659683331847
6160,Riccardo Orsolini,30,1914,15,10.357791488990188,4,4.652595203369856,75,30,2,0,F M S,Bologna,12,8.073895009234548,13.579532280564308,3.471814767457545
594,Romelu Lukaku,36,2913,14,13.292909391224384,10,4.244027925655246,64,34,4,0,F S,Napoli,11,10.247714065015316,16.940836619585752,4.888765563257039
5992,Marcus Thuram,32,2316,14,12.123272212222219,4,4.545049572363496,65,39,1,0,F S,Inter,14,12.123272212222219,20.545659221708775,6.454995878040791
5560,Scott McTominay,34,2938,12,8.857582463882864,4,2.8353318478912115,76,26,3,0,M S,Napoli,12,8.857582463882864,17.02024569362402,7.907815325073898
7006,Lautaro Martínez,31,2605,12,14.972904972732067,3,5.210264602676034,102,37,1,0,F,Inter,12,14.972904972732067,20.420169971883297,4.456489903852344
11736,Artem Dovbyk,32,2454,12,14.354873014613986,2,2.92091160826385,63,25,0,0,F S,Roma,10,12.832275385037065,14.934369965456426,3.34222876932472
11936,Lorenzo Lucca,33,2369,12,9.25349983945489,1,1.4154015257954597,66,14,10,0,F S,Udinese,11,8.492201004177332,9.291834384202957,1.9438087791204453
2662,Christian Pulisic,34,2518,11,11.676121918484569,9,7.215573945082724,57,69,1,0,F M S,AC Milan,8,8.63092665374279,21.96822089701891,9.794868961907923
12008,Nikola Krstovic,37,3096,11,12.192179908044636,5,3.5718187177553773,137,30,6,0,F,Lecce,9,9.908283424563706,13.792114338837564,3.114339157938957
687,Pedro,30,1057,10,6.393306020647287,1,1.4419082198292017,39,22,2,0,F M S,Lazio,8,4.870708409696817,10.305274097248912,4.8102878127247095
4895,Andrea Pinamonti,36,2886,10,7.931828275322914,1,1.8391901552677155,79,15,4,0,F S,Genoa,10,7.1705294996500015,12.397627600468695,4.713260012678802
7084,Dusan Vlahovic,29,1793,10,15.096059490926564,4,1.744228720664978,77,16,3,0,F S,Juventus,6,12.050864440388978,16.02136825490743,3.5828115344047546
7375,Roberto Piccoli,37,3180,10,17.91569169005379,1,1.1450618766248226,97,11,6,0,F,Cagliari,9,17.154392854776233,18.1155537343584,2.0816250210627913
10948,Valentín Castellanos,29,2407,10,16.131397516466677,3,3.629513030871749,108,26,9,1,F S,Lazio,8,13.84750095102936,19.230164020322263,5.09424526616931
11965,Tijjani Reijnders,37,3136,10,8.066354492679238,4,4.986120350658894,77,46,2,1,M S,AC Milan,10,8.066354492679238,25.904059149324894,16.791109887883067
7224,Boulaye Dia,35,2220,9,6.899342581629753,3,4.609769284725189,39,26,2,0,F M S,Lazio,9,6.899342581629753,14.704726035706699,6.049787209369242
7700,Che Adams,36,2650,9,9.513159267604351,3,2.1832971647381783,64,26,2,0,F S,Torino,9,8.751860439777374,12.417382868006825,3.57548772636801
942,Florian Thauvin,25,2010,8,9.337323119863868,3,4.883188674226403,54,38,0,0,F M S,Udinese,7,7.053426733240485,12.177254557609558,4.74868880212307
1958,Mattia Zaccagni,34,2750,8,6.876200471073389,6,5.215368155390024,48,55,10,0,F M S,Lazio,6,5.3536028154194355,16.111151101067662,9.00402908027172
5743,Randal Kolo Muani,16,1175,8,4.807359151542187,1,1.422960128635168,26,17,0,0,F M S,Juventus,7,4.046060346066952,6.10349890217185,1.3632007539272308
7193,Rafael Leão,34,2329,8,8.671459373086691,8,7.545301603153348,67,58,5,0,F M S,AC Milan,8,8.671459373086691,19.97986435238272,9.706410181708634
7969,Sebastiano Esposito,33,2370,8,6.238269167486578,0,2.359053977765143,61,35,1,0,F M S,Empoli,7,4.7156714969314635,9.80134324869141,4.868899008259177
8662,Dan Ndoye,30,2166,8,8.556749558076262,4,4.083700603805482,52,28,4,0,F M S,Bologna,6,7.034151768311858,13.290657203644514,3.7632505763322115
12081,Assane Diao,15,1268,8,3.5162678882479668,1,0.7812048885971308,28,8,2,0,F M S,Como,8,3.5162678882479668,7.248157672584057,3.6590865924954414
12528,Santiago Castro,36,2313,8,8.536016429774463,4,3.1317079812288284,63,29,7,0,F S,Bologna,8,7.774717587046325,12.768449267372489,4.18105199560523
4918,Patrick Cutrone,33,2058,7,8.805660281330347,4,2.885559193789959,69,19,1,0,F S,Como,7,8.044361483305693,10.929393373429775,2.3384914100170135
8297,Alexis Saelemaekers,23,1510,7,3.0717705376446247,3,3.0003358367830515,25,26,4,0,D F M S,"AC Milan,Roma",7,3.0717705376446247,12.420274063013494,8.638530646450818
9840,Denzel Dumfries,29,1929,7,6.130226218141615,2,3.6943740658462048,37,21,4,0,D M S,Inter,7,6.130226218141615,13.06925655901432,5.048348389565945
10877,Charles De Ketelaere,36,2092,7,9.455427888780832,7,6.690482780337334,48,39,1,0,F M S,Atalanta,7,9.455427888780832,21.813689198344946,11.468675585463643
11942,Kenan Yildiz,35,2414,7,4.914883994497359,4,5.661711638793349,61,56,2,1,F M S,Juventus,7,4.914883994497359,13.799040334299207,5.859337801113725
1294,Paulo Dybala,24,1431,6,7.097136401571333,3,6.226575620472431,50,40,2,0,F M S,Roma,3,4.813239821232855,12.7716128481552,7.265248727984726
5222,Joel Pohjanpalo,20,1635,6,7.442887621931732,0,1.742062452249229,38,14,1,0,F S,Venezia,3,4.397692278958857,6.818921614438295,1.4799817521125078
6434,Franck Zambo,35,2862,6,5.063090787269175,4,2.627801673486829,44,26,5,0,M S,Napoli,6,5.063090787269175,14.759264782071114,9.680886253714561
7005,Jens Odgaard,29,1987,6,5.312568726018071,1,2.575037257745862,49,17,1,0,F M S,Bologna,6,5.312568726018071,10.966926940716803,3.653994394466281
7500,Giacomo Raspadori,26,1110,6,5.084815743379295,1,2.190453313291073,42,29,1,0,F M S,Napoli,6,5.084815743379295,8.41600340232253,2.6321063581854105
7944,Gabriel Strefezza,37,2648,6,3.9883559653535485,4,4.323990189470351,57,57,5,0,F M S,Como,6,3.9883559653535485,10.79126682691276,4.154899511486292
8163,Daniel Maldini,30,1574,6,6.705157367512584,0,1.6986502315849066,49,16,5,0,F M S,"Atalanta,Monza",6,6.705157367512584,9.631431639194489,2.1939726937562227
8478,Lorenzo Colombo,37,2254,6,6.488613783381879,2,2.6644079368561506,56,21,3,1,F M S,Empoli,5,5.727314888499677,12.387053904123604,4.715949258767068
9866,Nadir Zortea,35,2749,6,2.9334294591099024,2,3.8425654638558626,32,29,2,0,D M S,Cagliari,6,2.9334294591099024,11.549319669604301,5.947565328329802
10366,Albert Gudmundsson,24,1284,6,4.845826052129269,1,1.8325094562023878,27,15,2,0,F M S,Fiorentina,4,3.323228407651186,7.442773260176182,3.083286017179489
11541,Nico Paz,35,2704,6,9.964229883626103,8,5.478746464475989,110,54,6,0,F M S,Como,6,9.202931048348546,16.96518620289862,5.573194831609726
12784,Ange-Yoan Bonny,37,2580,6,8.872624272480607,4,4.270201579667628,63,30,2,0,F S,Parma Calcio 1913,4,6.588727781549096,11.494128406047821,2.4311125241219997
12855,Casper Tengstedt,25,1552,6,5.571623582392931,1,1.2589485691860318,38,12,2,0,F M S,Verona,5,4.810324747115374,7.137801101431251,1.7660519918426871
189,Hakan Calhanoglu,29,1999,5,4.414205387234688,6,7.045005705207586,46,49,5,0,M S,Inter,2,1.3690101206302643,13.450780309736729,11.181228714063764
1804,Álvaro Morata,16,1110,5,4.817088529467583,0,0.9593266900628805,27,7,5,0,F M S,AC Milan,5,4.817088529467583,7.887570891529322,3.076422202400863
3856,Milan Djuric,27,1522,5,4.078131872229278,1,0.8377221208065748,28,5,4,0,F S,"Monza,Parma Calcio 1913",5,4.078131872229278,4.488791679032147,0.3141458183526993
4981,Davide Frattesi,28,1194,5,5.315815009176731,1,1.0950888358056545,28,7,1,0,M S,Inter,5,5.315815009176731,8.426437519490719,2.8256054520606995
6155,Robin Gosens,32,2544,5,2.4154493268579245,5,2.93827155418694,23,27,6,0,D M S,Fiorentina,5,2.4154493268579245,11.139119654893875,7.044390741735697
6276,Nikola Vlasic,30,2127,5,3.3855708930641413,4,2.641710100695491,31,32,0,0,F M S,Torino,3,1.86297326721251,7.903357891365886,4.79482457973063
6601,Timothy Weah,30,1636,5,3.7299512615427375,2,1.9956131614744663,21,19,4,0,D F M S,Juventus,5,3.7299512615427375,9.210717367008328,5.046265376731753
7453,Khvicha Kvaratskhelia,17,1201,5,4.196013361215591,3,3.7051555328071117,50,27,1,0,F M S,Napoli,4,3.434714525938034,8.84681673720479,3.6589537039399147
9965,Matìas Soulè Malvano,27,1807,5,3.697174882516265,5,6.449352219700813,42,51,3,0,D F M S,Roma,5,3.697174882516265,14.138921145349741,6.339091908186674
10895,Dany Mota,31,2121,5,4.940644808113575,2,1.9611132070422173,42,21,3,0,F M S,Monza,5,4.940644808113575,9.050512425601482,3.241640606895089
11900,Lucas Beltrán,33,1965,5,6.0504823960363865,4,2.9424900263547897,29,29,6,0,F M S,Fiorentina,3,3.7665859647095203,12.85442740097642,7.148263560608029
12857,Daniel Mosquera,35,1334,5,7.168538000434637,1,1.859255077317357,57,12,4,0,F S,Verona,5,7.168538000434637,10.489193508401513,3.6954835038632154
13386,Jacob Ondrejka,12,408,5,1.3530066162347794,0,1.156918689608574,14,8,0,0,M S,Parma Calcio 1913,5,1.3530066162347794,2.6188761815428734,1.2010995410382748
13453,Santiago Giménez,14,665,5,4.460054490715265,2,1.6851547174155712,23,6,3,1,F S,AC Milan,5,3.6987556889653206,5.886839214712381,1.0301849097013474
865,Marko Arnautovic,18,531,4,4.483994249254465,2,0.9996647089719772,14,7,1,0,F S,Inter,4,4.483994249254465,4.679309174418449,1.4731150679290295
1168,Bryan Cristante,30,2046,4,2.4521201327443123,2,1.721342091448605,30,18,8,0,M S,Roma,4,2.4521201327443123,10.653758198022842,8.618931483477354
1178,Davide Zappacosta,30,2102,4,3.0307677779346704,2,2.927798919379711,39,23,3,0,D M S,Atalanta,4,3.0307677779346704,11.398830203339458,7.707523886114359
1324,Federico Dimarco,33,2214,4,4.162737088277936,7,7.332246446982026,56,48,3,0,D M S,Inter,4,4.162737088277936,15.370240172371268,7.947630537673831
1710,Marten de Roon,36,3060,4,1.263384023681283,4,2.7508939653635025,14,25,5,0,D M S,Atalanta,4,1.263384023681283,20.361934054642916,18.280003871768713
2547,Theo Hernández,33,2698,4,3.1725775552913547,3,5.343857791274786,44,48,4,1,D S,AC Milan,4,2.411278731189668,16.70346779935062,14.54358809813857
3821,Rolando Mandragora,29,1940,4,2.280061637982726,3,3.924611158668995,38,31,7,0,M S,Fiorentina,3,1.5187628027051687,7.940919827669859,5.204633484594524
5954,Eldor Shomurodov,27,1082,4,5.652864208444953,4,1.8670945186167955,29,17,1,0,F M S,Roma,4,5.652864208444953,7.127035621553659,1.596219727769494
6176,Adam Marusic,35,2336,4,2.1844769613817334,0,0.6067054634913802,22,13,1,0,D M S,Lazio,4,2.1844769613817334,7.717258364893496,6.355395727790892
6692,Enrico Del Prato,34,2944,4,1.9651844333857298,0,1.2807176727801561,12,15,8,0,D M S,Parma Calcio 1913,4,1.9651844333857298,8.776847595348954,7.230205884203315
6762,Yacine Adli,26,1246,4,0.90202596783638,6,3.4848021315410733,14,23,1,1,M S,Fiorentina,4,0.90202596783638,6.728238292038441,4.386798335239291
7265,Kephren Thuram,35,2331,4,3.5313255190849304,5,4.682116312906146,36,25,5,0,M S,Juventus,4,3.5313255190849304,15.060948219150305,9.894022192806005
7284,Marco Brescianini,29,959,4,4.397535916417837,2,1.2350470423698425,20,7,1,0,M S,Atalanta,4,4.397535916417837,7.267041644081473,2.323193995282054
7483,Hans Nicolussi Caviglia,35,2883,4,2.2404830921441317,2,2.812581107020378,53,29,5,1,M S,Venezia,4,2.2404830921441317,6.240041554905474,4.334810188040137
7912,Eljif Elmas,13,1032,4,1.376329985447228,0,0.536102406680584,19,10,0,0,F M S,Torino,4,1.376329985447228,3.8012698255479336,2.1076339967548847
9029,Simon Sohm,37,3015,4,4.3499494809657335,0,2.630914680659771,34,20,6,0,M S,Parma Calcio 1913,4,4.3499494809657335,15.720251835882664,9.804565664380789
9303,Dennis Man,33,1997,4,7.004470095038414,4,4.645356995984912,49,45,0,0,F M S,Parma Calcio 1913,4,7.004470095038414,12.554394412785769,3.31936795450747
10303,Jacopo Fazzini,20,1403,4,3.692545833066106,1,1.0941042816266418,26,12,1,1,F M S,Empoli,4,3.692545833066106,6.923686906695366,2.6492027305066586
10404,Éderson,37,2898,4,4.337195685133338,1,5.689773496240377,39,37,3,1,M S,Atalanta,4,4.337195685133338,22.29255823791027,16.017200173810124
11350,Amin Sarr,32,1940,4,4.79459623247385,1,2.119128202088177,23,22,1,0,F S,Verona,4,4.79459623247385,8.290901853702962,2.3352970629930496
11951,Gustav Isaksen,37,2254,4,5.236178271472454,2,3.084163647145033,55,36,5,0,F M S,Lazio,4,5.236178271472454,12.200112521648407,5.998448936268687
12362,Santiago Pierotti,36,1963,4,4.261026685126126,2,2.861844254657626,32,25,4,1,F M S,Lecce,4,4.261026685126126,7.331456171348691,1.7949057193472981
557,Matteo Darmian,29,1781,3,2.3047944605350494,2,1.397296465933323,11,15,3,0,D S,Inter,3,2.3047944605350494,9.961994677782059,6.824119355529547
702,Tammy Abraham,29,1174,3,7.742781264707446,4,2.491778311319649,28,15,1,0,F S,"AC Milan,Roma",2,6.220183564350009,9.899299249053001,2.1633672695606947
1134,Mario Pasalic,34,1973,3,7.044077763333917,4,3.9745980985462666,46,32,1,0,M S,Atalanta,3,6.282778928056359,19.13353493064642,11.964951280504465
1148,Duván Zapata,7,597,3,3.206736508756876,0,0.5824607098475099,21,9,1,0,F,Torino,3,3.206736508756876,4.070810154080391,0.7009266540408134
1170,Gianluca Caprari,34,1644,3,3.863158030435443,2,2.0879268255084753,29,29,3,0,F M S,Monza,1,2.340560359880328,6.6401623813435435,3.3056100392714143
1206,Danilo Cataldi,25,1762,3,0.7924351925030351,0,0.5937809273600578,13,14,1,0,M S,Fiorentina,3,0.7924351925030351,7.4116148594766855,6.710566373541951
1248,Leandro Paredes,22,1370,3,2.1564809433184564,1,1.6625222507864237,26,21,4,0,M S,Roma,1,0.6338833100162446,10.667602295055985,9.504389160312712
1252,Stephan El Shaarawy,31,1075,3,2.968658696860075,4,1.2206020690500736,28,15,2,0,D F M S,Roma,3,2.968658696860075,8.5647276006639,5.534490182995796
1409,Nicolò Barella,33,2485,3,2.0158462561666965,6,4.790416604839265,43,55,4,0,M S,Inter,3,2.0158462561666965,14.60711894929409,11.276230716146529
1473,Matteo Politano,37,2881,3,3.645138157531619,4,6.106871038675308,56,55,3,0,D F M S,Napoli,3,3.645138157531619,14.71786006912589,9.300267823040485
1541,Stefan de Vrij,26,1719,3,1.8668567053973675,0,0.05752667039632797,13,1,2,0,D S,Inter,3,1.8668567053973675,8.949557587504387,8.351457685232162
4932,Pietro Pellegri,11,411,3,0.5232967622578144,0,0.6099942177534103,8,6,3,0,F S,Empoli,3,0.5232967622578144,1.5464684441685677,0.5057045128196478
5509,Hernani,25,1330,3,2.7682679863646626,3,2.086292065680027,20,24,7,0,M S,Parma Calcio 1913,0,0.48437151964753866,3.7652265951037407,2.650100890547037
6196,Nicolas Viola,27,1293,3,3.0422234144061804,1,3.0116874668747187,31,29,2,0,F M S,Cagliari,3,3.0422234144061804,5.7125649359077215,2.6841415483504534
6414,Yann Bisseck,27,1646,3,2.454003557562828,2,1.4668675772845745,21,7,4,0,D S,Inter,3,2.454003557562828,9.753132335841656,8.009181194007397
6978,Giovanni Di Lorenzo,37,3330,3,3.556538237258792,2,4.0602543745189905,21,37,6,0,D,Napoli,3,3.556538237258792,13.787290934473276,11.077612202614546
7074,Nicolás González,26,1789,3,4.388662149198353,2,1.3247456587851048,45,19,3,0,D F M S,Juventus,3,4.388662149198353,7.8343419916927814,3.530604605562985
7208,Samuel Chukwueze,26,910,3,2.7906703650951385,2,3.146787761710584,32,27,0,0,F M S,AC Milan,3,2.7906703650951385,6.90047693438828,2.527507521212101
8182,Lucas Da Cunha,36,2639,3,1.5810190811753273,2,4.5990445874631405,37,54,4,0,M S,Como,3,1.5810190811753273,11.007021154277027,8.987369268201292
8856,Razvan Marin,33,1374,3,2.198327684774995,2,3.3134645614773035,24,33,4,0,M S,Cagliari,1,0.6757300570607185,7.719012740068138,5.908012542873621
8895,Tete Morente,31,2036,3,3.1021080827340484,2,1.8323508612811565,41,25,5,0,F M S,Lecce,3,3.1021080827340484,7.266147148795426,2.6662099501118064
9071,Matteo Cancellieri,27,1453,3,2.508650751784444,0,0.5385912079364061,22,10,2,1,F M S,Parma Calcio 1913,3,2.508650751784444,3.8868695683777332,1.2166336849331856
9964,Koni de Winter,25,2132,3,2.7674892572686076,0,0.27007926255464554,13,3,6,0,D S,Genoa,3,2.7674892572686076,6.329930320382118,6.263988450169563
9966,Fabio Miretti,25,1718,3,3.491154466755688,3,2.2381972754374146,24,22,2,0,M S,Genoa,3,3.491154466755688,6.609325652010739,2.104139558970928
9969,Teun Koopmeiners,28,1998,3,4.893107362091541,3,2.562169134616852,42,37,3,0,F M S,Juventus,3,4.893107362091541,9.23165249824524,3.934658458456397
9985,Johan Vásquez,36,3036,3,2.439728694036603,0,0.33457772713154554,36,7,9,0,D S,Genoa,3,2.439728694036603,5.903322666883469,5.486615629866719
9993,Jurgen Ekkelenkamp,34,1884,3,3.1339307287707925,2,1.634106621146202,26,16,2,0,M S,Udinese,3,3.1339307287707925,7.973995503038168,4.543551272712648
10794,Thijs Dallinga,31,1124,3,5.5362889394164085,2,0.5392365166917443,31,12,1,0,F S,Bologna,3,5.5362889394164085,6.434516295790672,0.6634038519114256
10891,Carlos Augusto,29,1658,3,3.478978853672743,2,1.9167723655700684,24,9,1,0,D M S,Inter,3,3.478978853672743,9.37629859149456,7.548568494617939
10892,Samuele Birindelli,21,1497,3,1.8879536800086498,0,1.681458842009306,15,18,2,0,D M S,Monza,3,1.8879536800086498,6.660150051116943,3.367040239274502
11278,Gvidas Gineitis,30,1431,3,1.8468696102499962,1,2.1717008724808693,29,21,5,0,M S,Torino,3,1.8468696102499962,5.020252310670912,2.374197735451162
11944,Patrick Dorgu,21,1843,3,3.1648835986852646,1,1.512625027447939,36,19,2,1,D F M,Lecce,3,3.1648835986852646,8.149002324789762,4.312539998441935
11958,Gaetano Oristanio,37,2353,3,5.692690180614591,3,2.3286834582686424,44,33,3,0,F M S,Venezia,3,5.692690180614591,8.785600032657385,2.129219925031066
11964,Giovanni Fabbian,30,992,3,2.8819183595478535,1,1.5135211404412985,21,10,2,0,M S,Bologna,3,2.8819183595478535,3.6327195819467306,1.3713714592158794
12872,Fisayo Dele-Bashiru,20,947,3,1.4858720265328884,1,0.7893589623272419,16,9,0,0,M S,Lazio,3,1.4858720265328884,3.4042278230190277,1.4639215217903256
12904,Samuel Mbangula,23,687,3,0.45650872960686684,3,1.7539049219340086,9,15,1,0,M S,Juventus,3,0.45650872960686684,3.577903801575303,1.5901758465915918
13052,Francisco Conceição,26,1320,3,3.1290370896458626,3,4.405173312872648,40,28,3,1,F M S,Juventus,3,3.1290370896458626,12.86916140280664,7.611164345405996
13061,Benjamín Domínguez,24,1309,3,2.4306969847530127,2,0.7319683395326138,30,10,0,0,F M S,Bologna,3,2.4306969847530127,6.142895981669426,3.6524169370532036
13446,Mateo Pellegrino,13,742,3,4.878659307956696,1,0.4318407028913498,22,5,2,0,F S,Parma Calcio 1913,3,4.878659307956696,5.234482780098915,1.5947542488574982
307,Suat Serdar,22,1380,2,1.6178497727960348,1,1.0614012964069843,30,10,2,1,M S,Verona,2,1.6178497727960348,3.9974643010646105,1.9205339886248112
1040,Angelino,38,3182,2,1.4242041343823075,1,5.52251351904124,24,50,1,0,D M S,Roma,2,1.4242041343823075,13.30595819465816,9.541474713012576
1053,Keinan Davis,23,1049,2,3.069802690297365,1,2.451004257425666,29,20,2,0,F S,Udinese,2,3.069802690297365,5.503186270594597,1.115274365991354
1104,Leonardo Pavoletti,26,377,2,2.766921676695347,0,1.3929061777889729,18,9,5,0,F S,Cagliari,2,2.766921676695347,5.622105723246932,1.962111784145236
1106,Darko Lazovic,27,1467,2,2.923182776197791,3,3.620596608147025,20,19,0,0,D M S,Verona,1,2.161883970722556,6.413260260596871,0.9932305105030537
1119,Alessio Romagnoli,32,2676,2,3.565914835780859,0,0.7020909860730171,20,10,4,2,D S,Lazio,2,3.565914835780859,10.539792001247406,10.252787809818983
1122,Manuel Locatelli,36,2852,2,1.728091100230813,2,3.160760385915637,25,29,9,0,M S,Juventus,1,0.9667923059314489,15.23953227698803,12.483740866184235
1186,Andrea Belotti,18,584,2,2.582710526883602,0,0.5775738749653101,19,7,1,0,F S,Como,2,2.582710526883602,2.759082268923521,0.0870181517675519
1210,Keita,11,644,2,1.8753624334931374,0,0.20912368968129158,14,4,2,0,F S,Monza,2,1.8753624334931374,2.8264651000499725,1.191562789492309
1386,Piotr Zielinski,26,947,2,2.6944100074470043,2,0.618134144693613,17,13,0,0,M S,Inter,0,1.1718123368918896,6.736713929101825,5.561824133619666
1423,Matías Vecino,20,843,2,3.101402133703232,3,3.248251875862479,16,11,7,0,M S,Lazio,2,3.101402133703232,5.6588153429329395,1.4020736617967486
1471,Lorenzo Pellegrini,25,1648,2,5.427780851721764,1,2.6245815753936768,42,27,4,0,M S,Roma,1,4.666482016444206,9.614778824150562,4.58295938745141
1634,Alessandro Deiola,29,1439,2,1.4592230711132288,1,0.776571724563837,18,6,6,0,M S,Cagliari,2,1.4592230711132288,4.446037642657757,2.7486743927001953
1725,Christian Kabasele,16,1164,2,2.2601508777588606,0,0.35346958227455616,15,6,0,0,D S,Udinese,2,2.2601508777588606,0.8825029470026493,0.5794381741434336
1809,Joaquín Correa,19,701,2,2.388469398021698,2,1.6234094053506851,14,10,3,0,F M S,Inter,2,2.388469398021698,6.5976563561707735,3.296074714511633
2217,Antonio Sanabria,26,1321,2,2.5742118433117867,1,0.31946961581707,19,8,2,0,F S,Torino,2,1.812913067638874,2.6882569044828415,1.093564716167748
3278,Maxwel Cornet,7,240,2,1.0113862305879593,1,1.0651200264692307,5,5,0,0,M S,Genoa,2,1.0113862305879593,1.869239717721939,0.8866638094186783
4920,Matteo Gabbia,26,2159,2,1.5626689977943897,0,0.17323392629623413,14,2,4,0,D S,AC Milan,2,1.5626689977943897,10.157022289931774,10.14400365203619
5360,Weston McKennie,32,2334,2,2.9408072270452976,4,4.656233137473464,22,32,3,0,D F M S,Juventus,2,2.9408072270452976,10.659127198159695,5.942629124969244
5661,Jonathan Ikone,27,831,2,3.4286174327135086,0,0.49651457089930773,25,4,1,0,F M S,"Como,Fiorentina",2,3.4286174327135086,6.160221628844738,2.8455714769661427
6159,Gianluca Mancini,37,3152,2,2.963864615187049,0,1.0477176792919636,22,15,8,0,D S,Roma,2,2.963864615187049,12.107092240825295,11.160773133859038
6228,Luka Jovic,15,549,2,2.270533040165901,0,1.1450764555484056,11,12,1,0,F S,AC Milan,2,2.270533040165901,3.655979346483946,1.315719859674573
6686,Nicolo Zaniolo,23,665,2,1.9149079006165266,2,1.2455867566168308,20,12,6,0,F M S,"Atalanta,Fiorentina",2,1.9149079006165266,4.722219057381153,1.9833912942558527
6718,Andrea Colpani,25,1469,2,3.3541502580046654,1,1.1401456985622644,36,17,1,0,M S,Fiorentina,2,3.3541502580046654,7.350004870444536,3.4852827321738005
6773,Samuel Gigot,15,692,2,1.3551291171461344,0,0,4,0,2,0,D S,Lazio,2,1.3551291171461344,3.7404720038175583,3.608620271086693
7328,Maxence Caqueret,18,1110,2,0.7744915895164013,3,2.1084248200058937,8,19,4,0,M S,Como,2,0.7744915895164013,5.4499228075146675,3.510226085782051
7482,Kouadio Kone,34,2597,2,2.9576583448797464,1,1.7725180741399527,34,19,6,0,M S,Roma,2,2.9576583448797464,14.167982800863683,11.84147794637829
7507,Gianluca Gaetano,28,976,2,4.630177354440093,4,2.379545057192445,30,22,0,0,M S,Cagliari,2,4.630177354440093,7.970997171476483,2.2628479339182377
7892,João Félix,15,761,2,2.875185754150152,0,1.5514497235417366,29,10,3,0,M S,AC Milan,2,2.875185754150152,6.425452150404453,3.1223751958459616
8034,Georgios Kyriakopoulos,34,2865,2,1.0278923446312547,4,3.4542827997356653,27,41,5,0,D S,Monza,2,1.0278923446312547,5.571459736675024,2.9557580947875977
8341,Lazar Samardzic,31,1119,2,1.92628039047122,1,3.317144453525543,33,35,3,0,M S,Atalanta,2,1.92628039047122,8.127213651314378,4.740726798772812
8383,Faustino Anjorin,22,1127,2,0.78926155064255,3,2.2848569825291634,23,17,3,0,M S,Empoli,2,0.78926155064255,3.6055558947846293,0.8866018038243055
8642,Strahinja Pavlovic,24,1866,2,2.1691710744053125,1,1.2954732533544302,17,6,3,1,D S,AC Milan,2,2.1691710744053125,8.996752217411995,7.717672035098076
8857,Gabriele Zappa,37,3070,2,0.7887675790116191,0,4.328659053891897,11,28,4,0,D S,Cagliari,2,0.7887675790116191,8.3868967005983,5.076139492914081
8912,Tommaso Pobega,21,1180,2,2.5043334010988474,2,1.3730711620301008,24,11,4,2,M S,Bologna,2,2.5043334010988474,5.308426357805729,3.1972428830340505
8913,Emmanuel Gyasi,37,3238,2,5.1029623951762915,1,1.4408680945634842,22,17,5,0,D M,Empoli,2,5.1029623951762915,9.220969841815531,4.194316642358899
9841,Andrea Cambiaso,33,2227,2,0.9298030640929937,3,2.9846264300867915,17,34,4,0,D F M S,Juventus,2,0.9298030640929937,13.496584210544825,11.934343788772821
9854,Kristjan Asllani,22,960,2,2.2790823988616467,2,1.5879101548343897,16,14,4,0,M S,Inter,0,0.756484741345048,4.228175640106201,3.6371318250894547
9904,Gianluca Busio,33,2537,2,2.8546703048050404,0,1.6145903673022985,36,28,4,0,F M S,Venezia,2,2.8546703048050404,6.50524911377579,2.8292309986427426
9924,Fabiano Parisi,26,1107,2,0.43680791184306145,0,1.035966550000012,9,4,3,0,D M S,Fiorentina,2,0.43680791184306145,3.231815998442471,1.777893790975213
10090,Iker Bravo,29,629,2,1.1998920924961567,1,0.5227264482527971,13,7,3,0,F M S,Udinese,2,1.1998920924961567,2.38471445068717,0.674788711592555
10169,Diego Coppola,34,2928,2,1.3077915208414197,0,0.09275455120950937,10,3,10,0,D S,Verona,2,1.3077915208414197,3.875566763803363,3.8420231472700834
10365,Morten Frendrup,35,3115,2,1.6894174106419086,0,0.7124996110796928,31,14,5,0,M,Genoa,2,1.6894174106419086,8.62092512845993,6.655704429373145
10380,Zito,26,1634,2,1.856324827298522,2,3.8021888826042414,23,17,2,0,F M S,Cagliari,2,1.856324827298522,7.253765940666199,2.3899503760039806
10385,Liberato Cacace,33,2224,2,4.268769123591483,4,2.0169987874105573,29,27,6,0,D M S,Empoli,2,4.268769123591483,8.474104415625334,3.7368238335475326
10878,Sandi Lovric,36,2370,2,2.558918621391058,3,3.4529649671167135,49,32,5,0,M S,Udinese,2,2.558918621391058,9.900501234456897,5.3525571543723345
10893,Christian Gytkjær,29,720,2,3.4311846122145653,1,0.7098643705248833,18,7,0,0,F S,Venezia,1,2.6698857471346855,2.1699485518038273,0.45140155404806137
10902,Federico Baschirotto,38,3420,2,1.786151384934783,0,0.4555621715262532,22,6,3,0,D,Lecce,2,1.786151384934783,5.909337832592428,5.701119958423078
10957,Mikael Ellertsson,36,2503,2,1.3820830965414643,2,2.1617317385971546,21,20,2,0,D M S,Venezia,2,1.3820830965414643,5.425039594992995,2.492546943947673
10985,Sulemana,9,282,2,0.580807913094759,0,0.025735890492796898,5,1,1,0,M S,Atalanta,2,0.580807913094759,0.8711340129375458,0.6467559784650803
11027,Emanuele Valeri,35,2883,2,1.603562337346375,6,5.606089581735432,27,36,1,0,D M S,Parma Calcio 1913,1,0.8422635281458497,9.662433922290802,4.945689929649234
11380,Vitinha,25,1346,2,1.7762191742658615,3,4.115728894248605,33,17,2,0,F M S,Genoa,2,1.7762191742658615,5.696292694658041,1.6133615635335445
11470,Niccolò Pisilli,28,1198,2,3.067274132743478,1,0.9415066838264465,27,10,7,0,M S,Roma,2,3.067274132743478,5.933968747034669,3.9242928493767977
11741,Saúl Coco,32,2851,2,1.9452431565150619,0,0.006286880001425743,20,1,10,0,D,Torino,2,1.9452431565150619,4.081076920032501,4.014715070836246
12006,Jesper Karlsson,20,802,2,2.348971612751484,0,0.8065090542659163,16,12,3,0,F M S,"Bologna,Lecce",1,1.587672770023346,2.5841940250247717,1.008876221254468
12030,Tasos Douvikas,13,587,2,3.1398374401032925,2,1.389390304684639,14,8,1,0,F S,Como,2,3.1398374401032925,5.04932864010334,1.431522836908698
12113,Jackson Tchatchoua,36,3172,2,1.9549099691212177,3,3.5700629903003573,18,34,7,1,D M,Verona,2,1.9549099691212177,9.686987875960767,4.775095266290009
12124,Alessandro Vogliacco,22,1499,2,1.5824130047112703,0,0.12476405408233404,6,4,5,0,D S,"Genoa,Parma Calcio 1913",2,1.5824130047112703,2.4423297978937626,2.386560793966055
12378,Tijjani Noslin,30,830,2,2.656429646536708,2,1.5994202382862568,19,12,2,0,F M S,Lazio,2,2.656429646536708,5.096717353910208,2.3080015797168016
12785,Antoine Hainaut,25,1184,2,0.853666452690959,0,0.7657707277685404,6,9,4,0,D M S,Parma Calcio 1913,2,0.853666452690959,2.9905104767531157,2.2022153213620186
12905,Nicolò Savona,28,1724,2,0.6217741407454014,1,1.6131829097867012,6,16,5,0,D S,Juventus,2,0.6217741407454014,6.450548764318228,5.277569431811571
12993,David Neres,28,1268,2,2.9942986806854606,4,3.375439688563347,29,26,1,0,F S,Napoli,2,2.9942986806854606,9.530023638159037,4.620999600738287
13349,Lorenzo Venturino,6,149,2,1.1552968937903643,0,0.18154338002204895,4,3,0,0,M S,Genoa,2,1.1552968937903643,1.3504673931747675,0.04955596476793289
13448,Daniel Fila,10,495,2,1.9229502156376839,0,0.3483077250421047,8,6,1,1,F S,Venezia,2,1.9229502156376839,2.6668144688010216,0.46189985051751137
317,Henrikh Mkhitaryan,32,2441,1,1.7231267150491476,4,3.2868451522663236,23,29,4,0,M S,Inter,1,1.7231267150491476,16.204422222450376,12.255357168614864
1096,Armando Izzo,30,2455,1,0.48617599345743656,1,1.0162390042096376,6,11,12,0,D S,Monza,1,0.48617599345743656,6.275955243036151,5.299630461260676
1102,Giovanni Simeone,30,349,1,2.2662558434531093,1,0.9974416717886925,13,8,1,0,F S,Napoli,1,2.2662558434531093,3.654563601128757,1.0467244498431683
1120,Mattia De Sciglio,16,750,1,0.7994552589952946,0,0.13540467899292707,5,3,0,0,D S,Empoli,1,0.7994552589952946,0.8791246926411986,0.7065426781773567
1161,Francesco Zampano,24,1633,1,1.283414401113987,2,1.1868484076112509,7,12,5,0,D M S,Venezia,1,1.283414401113987,4.346421523019671,1.996891152113676
1164,Cristiano Biraghi,23,1585,1,0.6364892479032278,0,3.2530914284288883,15,31,1,0,D S,"Fiorentina,Torino",1,0.6364892479032278,3.9441848695278168,2.5033633075654507
1193,Lorenzo De Silvestri,18,1074,1,1.0870488844811916,0,0.3082828223705292,9,5,1,0,D S,Bologna,1,1.0870488844811916,3.170561768114567,2.871158439666033
1204,Patric,10,593,1,0.877030536532402,0,0.012614113278687,2,1,2,0,D S,Lazio,1,0.877030536532402,1.8100600996986032,1.8100600996986032
1226,Karol Linetty,28,1548,1,0.8516321126371622,0,0.7127992520108819,17,10,6,0,M S,Torino,1,0.8516321126371622,3.1275448435917497,2.5471969498321414
1241,Pedro Pereira,35,2689,1,1.7392617259174585,3,2.2384377252310514,13,14,10,0,D S,Monza,1,1.7392617259174585,7.526778059080243,5.5956121776252985
1264,Edoardo Goldaniga,32,2525,1,2.380076947622001,0,0.2964764069765806,12,5,10,1,D S,Como,1,2.380076947622001,5.9380519315600395,5.848595153540373
1430,Milan Badelj,23,1525,1,0.9570948630571365,0,1.2159679476171732,13,12,2,0,M S,Genoa,1,0.9570948630571365,6.448246106505394,4.448463158681989
1441,Adam Masina,28,1911,1,0.8731769127771258,2,0.5124717773869634,7,4,5,0,D S,Torino,1,0.8731769127771258,3.155869249254465,3.1245524659752846
1465,Stefano Sensi,12,253,1,0.8939067367464304,0,0.3312928956001997,7,3,0,0,M S,Monza,0,0.13260790146887302,0.9334582109004259,0.8687582919374108
1477,Luca Mazzitelli,11,330,1,0.2186603108420968,1,0.8467894122004509,7,6,1,0,M S,Como,1,0.2186603108420968,1.4401760520413518,0.40031492058187723
1488,Remo Freuler,37,3230,1,1.4950652588158846,2,1.9593567317351699,17,36,6,0,M,Bologna,1,1.4950652588158846,11.353501968085766,8.221530951559544
1500,Leonardo Spinazzola,27,1531,1,1.021505981683731,1,4.10211580991745,12,26,1,0,D F S,Napoli,1,1.021505981683731,9.819637268781662,5.675645746290684
1504,Alberto Grassi,28,2245,1,1.165816916152835,0,0.7257651910185814,11,7,8,0,M S,Empoli,1,1.165816916152835,6.6722745527513325,4.9939055615104735
1639,Sebastiano Luperto,36,3240,1,2.471910698339343,3,0.9951823651790619,21,7,4,0,D,Cagliari,1,2.471910698339343,6.183798227459192,5.459973908960819
1852,Ante Rebic,27,753,1,1.7934200260788202,0,2.400962082669139,13,18,3,1,F M S,Lecce,1,1.7934200260788202,4.24037903547287,0.9161173533648252
1927,Berat Gjimshiti,34,2653,1,3.073660319671035,2,1.7291569849476218,20,11,6,0,D S,Atalanta,1,3.073660319671035,11.93463903106749,10.687764661386609
3334,Lassana Coulibaly,38,2687,1,1.2990855276584625,0,1.0492202918976545,9,12,3,0,M S,Lecce,1,1.2990855276584625,7.347924545407295,5.172801356762648
3729,Hassane Kamara,30,2020,1,0.7477439409121871,4,3.2552137318998575,17,25,6,1,D M S,Udinese,1,0.7477439409121871,5.070894621312618,3.514498222619295
4733,José Luis Palomino,18,1067,1,0.2968503274023533,0,0.05923634022474289,2,1,3,0,D S,Cagliari,1,0.2968503274023533,2.4993635714054108,2.4401272237300873
4911,Alessio Zerbin,20,1523,1,2.1581489220261574,1,2.365778660401702,17,24,4,0,D M S,"Napoli,Venezia",1,2.1581489220261574,5.175491515547037,1.3222598982974887
4939,Alessandro Bastoni,33,2468,1,0.672028174623847,5,3.40167273581028,13,28,4,1,D S,Inter,1,0.672028174623847,16.253236640244722,14.770196758210659
4951,Grigoris Kastanos,27,852,1,1.0893141850829124,1,1.5799968745559454,22,12,4,0,F M S,Verona,1,1.0893141850829124,2.893082857131958,1.249175714328885
5025,Alessandro Buongiorno,22,1931,1,0.7932021021842957,0,0.6279377229511738,8,5,2,0,D,Napoli,1,0.7932021021842957,8.373556986451149,8.244964852929115
5240,Ondrej Duda,28,2414,1,0.8872416876256466,3,3.4387308126315475,25,32,10,1,M S,Verona,1,0.8872416876256466,8.706737032160163,6.527901178225875
5759,Matteo Guendouzi,37,3281,1,1.5578105077147484,3,3.081902503967285,27,43,7,0,M,Lazio,1,1.5578105077147484,19.777571193873882,16.28183127194643
6034,Philip Billing,10,164,1,1.9009495750069618,0,0.1413416489958763,6,3,1,0,M S,Napoli,1,1.9009495750069618,1.9609037414193153,0.6691972948610783
6073,Guillermo Maripán,28,2340,1,1.0367044052109122,1,1.2979081273078918,12,5,4,1,D S,Torino,1,1.0367044052109122,3.93311261292547,3.244001834653318
6360,Antoine Bernede,14,591,1,0.21861978992819786,0,0.46620436757802963,4,10,2,0,M S,Verona,1,0.21861978992819786,1.219642659649253,0.625960398465395
6521,Yerry Mina,31,2590,1,2.4685893896967173,0,0.5654018130153418,26,4,4,1,D,Cagliari,1,2.4685893896967173,4.85687483754009,3.831982440315187
6618,Oumar Solet,19,1676,1,0.8947085021063685,2,1.2162842229008675,12,18,1,1,D,Udinese,1,0.8947085021063685,3.9687442146241665,3.1539295949041843
6672,Riccardo Sottil,24,932,1,1.176107570528984,1,1.3874194100499153,24,15,1,0,M S,"AC Milan,Fiorentina",1,1.176107570528984,4.663248609751463,2.8239483311772346
6696,Luca Ranieri,36,3085,1,1.383564260788262,3,1.7717870529741049,11,16,7,0,D S,Fiorentina,1,1.383564260788262,6.849961528554559,5.043334582820535
6706,Ndary Adopo,35,2416,1,1.1319589167833328,1,2.4681363748386502,20,19,3,1,M S,Cagliari,1,1.1319589167833328,9.339320386759937,6.932965071871877
6807,Jaka Bijol,34,2964,1,2.1401905212551355,0,0.6740374462679029,19,12,11,1,D,Udinese,1,2.1401905212551355,7.283961589448154,6.610245150513947
6945,Youssouf Fofana,35,2516,1,1.1362495608627796,6,3.525792809203267,36,24,5,0,M S,AC Milan,1,1.1362495608627796,14.933577582240105,11.940524335950613
7002,Giangiacomo Magnani,17,1049,1,1.5168068408966064,0,0.0484468974173069,11,1,2,0,D S,Verona,1,1.5168068408966064,1.6146412249654531,1.1229047160595655
7091,Christian Kouamé,26,1100,1,3.3584845028817654,1,2.642054849304259,25,18,1,0,F M S,"Empoli,Fiorentina",1,3.3584845028817654,5.656952547840774,1.3118883343413472
7234,John Yeboah,33,1198,1,2.5314945550635457,1,2.961378918029368,30,20,6,0,F M S,Venezia,1,2.5314945550635457,6.871234200894833,2.028984921053052
7379,Nicolo Fagioli,32,1514,1,0.8893392160534859,2,3.0206517837941647,22,27,4,0,M S,"Fiorentina,Juventus",1,0.8893392160534859,9.793622113764286,8.04011969268322
7530,Samuele Ricci,34,2863,1,1.2636383641511202,1,0.6732697440311313,22,15,8,1,M,Torino,1,1.2636383641511202,6.681054439395666,4.934482039883733
7576,Nicolò Cambiaghi,18,581,1,0.7282730583101511,3,2.0716569516807795,14,10,0,0,F M S,Bologna,1,0.7282730583101511,4.488316844217479,2.113939735107124
7755,Domagoj Bradaric,28,1963,1,0.875758109614253,0,1.9564918112009764,9,25,6,0,D M S,Verona,1,0.875758109614253,3.303593335673213,1.487995870411396
7924,Amir Rrahmani,38,3410,1,2.2584940614178777,3,1.5486852955073118,28,11,2,0,D,Napoli,1,2.2584940614178777,13.18892247788608,12.652464220300317
8313,Pierre Kalulu Kyatengwa,29,2330,1,0.848704170435667,0,0.5810731491073966,7,11,2,1,D S,Juventus,1,0.848704170435667,9.870267361402512,9.131030634045601
8470,Kike Pérez,16,1130,1,1.3553542979061604,0,1.0465105026960373,13,18,4,0,M S,Venezia,1,1.3553542979061604,3.395587347447872,1.4249267093837261
8728,Oier Zarraga,22,881,1,0.2872130675241351,0,0.3232956565916538,6,6,0,0,M S,Udinese,1,0.2872130675241351,2.017476899549365,1.4891114793717861
8819,Mergim Vojvoda,28,1836,1,0.6811647824943066,2,3.3965131770819426,9,24,6,0,D S,"Como,Torino",1,0.6811647824943066,8.322450945153832,5.191704824566841
8828,Ivan Ilic,19,898,1,1.1345241209492087,0,0.9605423053726554,11,9,4,0,M S,Torino,1,1.1345241209492087,4.03326803445816,2.487295724451542
8838,Junior Messias,17,832,1,2.6005900129675865,1,0.6972742862999439,18,8,1,0,F M S,Genoa,1,1.8392911776900291,2.1805835757404566,0.7364483065903187
8867,Adrián Bernabé,21,1464,1,1.5122445924207568,1,1.6502636158838868,27,23,1,0,M S,Parma Calcio 1913,1,1.5122445924207568,8.45220860093832,6.969147564843297
8967,Lautaro Valenti,20,1559,1,0.1997213764116168,0,0.14700621366500854,7,4,4,1,D S,Parma Calcio 1913,1,0.1997213764116168,3.46219614520669,3.3513127639889717
9019,Lucas Martínez Quarta,8,341,1,0.9090237375348806,0,0.011529176495969296,3,1,1,0,D S,Fiorentina,1,0.9090237375348806,1.0869984542950988,1.0567965134978294
9036,Nicola Zalewski,23,963,1,0.4306339602917433,1,3.076297538354993,10,21,4,0,D M S,"Inter,Roma",1,0.4306339602917433,6.606423620134592,3.7020213827490807
9061,Pontus Almqvist,29,1085,1,2.062207432463765,1,1.6867310833185911,26,10,5,0,D F M S,Parma Calcio 1913,1,2.062207432463765,5.689991846680641,2.2183973472565413
9322,Alessandro Bianco,35,2636,1,1.3939758026972413,0,1.4734479561448097,26,18,9,0,M S,"Fiorentina,Monza",1,1.3939758026972413,6.815836355090141,4.914733601734042
9503,Kacper Urbanski,15,737,1,0.6933421511203051,0,0.8474208787083626,9,13,3,0,M S,"Bologna,Monza",1,0.6933421511203051,2.1637091329321265,0.8631252218037844
9518,Edoardo Bove,12,863,1,1.26268844678998,2,1.4585404973477125,7,11,3,0,M S,Fiorentina,1,1.26268844678998,5.152803368866444,3.4689552523195744
9843,Caleb Ekuban,18,526,1,3.429166266694665,3,0.8587063550949097,18,8,1,0,F S,Genoa,1,3.429166266694665,3.8718484360724688,0.7761340718716383
9855,Mattia Viti,30,2580,1,1.0309849446639419,0,0.22200747951865196,11,5,3,0,D,Empoli,1,1.0309849446639419,3.366817817091942,3.027767294086516
9876,Alessandro Zanoli,31,1716,1,0.653908365406096,0,1.1977330967783928,11,19,3,0,D M S,Genoa,1,0.653908365406096,3.935621116310358,2.3123090155422688
9887,Michael Svoboda,16,1311,1,0.20009918417781591,0,0.9600300937891006,4,5,1,0,D S,Venezia,1,0.20009918417781591,3.7914745789021254,3.685541717335582
9951,Tommaso Baldanzi,31,777,1,1.9191363900899887,1,1.3112524915486574,20,10,2,0,M S,Roma,1,1.9191363900899887,5.2209326811134815,2.456991894170642
9952,Ridgeciano Haps,25,1369,1,1.4896735288202763,1,1.001672275364399,15,7,3,0,D S,Venezia,1,1.4896735288202763,4.628160126507282,2.3848811015486717
9977,Loum Tchaouna,24,624,1,2.584312392398715,0,0.6861412897706032,23,10,2,1,F M S,Lazio,1,2.584312392398715,4.432393677532673,1.6853936556726694
9996,Abdou Harroui,10,452,1,2.4512249622493982,2,1.0444414168596268,15,4,1,0,F M S,Verona,1,2.4512249622493982,4.008257923647761,1.4574106056243181
10073,Adam Obert,21,1072,1,1.016501558944583,1,0.4556614402681589,9,10,4,0,D M S,Cagliari,1,1.016501558944583,3.512360665947199,2.2209675293415785
10389,Fali Candé,17,1530,1,0.8236780585721135,1,0.804043959826231,5,4,4,0,D,Venezia,1,0.8236780585721135,2.158546522259712,1.4531347639858723
10433,Cesare Casadei,15,1030,1,1.2500655204057693,1,0.39016987197101116,14,7,1,0,F M S,Torino,1,1.2500655204057693,3.1192489247769117,1.903520254418254
10497,Yannick Engelhardt,26,1134,1,0.8142325235530734,1,1.483450741507113,8,12,4,0,D M S,Como,1,0.8142325235530734,4.55920197814703,2.9768388494849205
10577,Mario Gila,32,2740,1,0.9575563902035356,0,0.7198654301464558,15,15,8,0,D S,Lazio,1,0.9575563902035356,11.041901929304004,10.882915522903204
10616,Samuel Iling-Junior,7,98,1,0.17660155147314072,0,0.06796083599328995,4,1,0,0,S,Bologna,1,0.17660155147314072,0.4406674802303314,0.2640659213066101
10740,Jordan Zemura,23,1401,1,1.0848796032369137,2,1.7748898016288877,13,11,2,0,D S,Udinese,1,1.0848796032369137,3.965422187000513,2.0313164219260216
10854,Souleymane Isaak Touré,12,742,1,0.7402979917824268,0,0.029086533933877945,4,2,2,2,D S,Udinese,1,0.7402979917824268,2.073045678436756,2.073045678436756
10894,Patrick Ciurria,21,1101,1,0.5166725674644113,1,2.2959581948816776,11,13,1,0,D F M S,Monza,1,0.5166725674644113,2.5989778451621532,0.5054212380200624
10956,Emil Holm,21,1129,1,0.7301032273098826,1,1.0090866908431053,10,10,3,0,D S,Bologna,1,0.7301032273098826,3.9055354660376906,2.899813083000481
10993,Federico Gatti,30,2207,1,2.6437892597168684,0,0.2836914574727416,25,6,2,0,D S,Juventus,1,2.6437892597168684,6.388843132182956,5.920589059591293
11039,Lewis Ferguson,16,974,1,0.9484940525144339,1,1.5487658977508545,6,14,0,0,M S,Bologna,0,0.1871952172368765,5.328851531259716,3.8221576204523444
11279,Ali Dembélé,15,369,1,0.3785240538418293,0,0.1086953617632389,5,3,2,1,D S,Torino,1,0.3785240538418293,0.5299162268638611,0.21567992586642504
11752,Amir Richardson,27,1083,1,1.0827028583735228,1,0.6237350255250931,11,8,6,0,M S,Fiorentina,1,1.0827028583735228,3.1449933713302016,2.0489630354568362
11902,Pietro Comuzzo,33,2192,1,0.47288110665977,0,0.36257936246693134,4,6,5,0,D S,Fiorentina,1,0.47288110665977,5.206593118607998,5.145380796864629
11945,Ylber Ramadani,29,1831,1,0.5368887726217508,1,0.8912339806556702,17,16,3,0,M S,Lecce,1,0.5368887726217508,5.1174457632005215,3.8891265904530883
11966,Noah Okafor,15,435,1,2.230065990239382,0,0.7641346864402294,13,7,0,0,F M S,"AC Milan,Napoli",1,2.230065990239382,3.62198705971241,0.64883628860116
11996,Mathis Lambourde,7,69,1,0.3416186347603798,0,0.08249953389167786,2,1,1,0,S,Verona,1,0.3416186347603798,0.42411816865205765,0.08249953389167786
12040,Thomas Thiesson Kristensen,24,1747,1,0.9477472146973014,0,0.3604104518890381,4,4,5,0,D S,Udinese,1,0.9477472146973014,3.453938253223896,3.3669678196310997
12084,Martín Payero,25,1391,1,1.3691439758986235,1,1.263338158838451,31,15,5,0,M S,Udinese,1,1.3691439758986235,4.44339719042182,3.080846358090639
12341,Lautaro Giannetti,15,892,1,0.07692697551101446,0,0.09514954686164856,2,2,4,0,D S,Udinese,1,0.07692697551101446,0.6581898517906666,0.5630403058603406
12342,Brenner,9,389,1,0.4947841465473175,2,0.5186105389147997,7,5,0,0,F M S,Udinese,1,0.4947841465473175,1.1117826737463474,0.18051240965723991
12365,Alieu Njie,16,361,1,1.2351643005385995,0,0.5602473244071007,9,4,1,0,S,Torino,1,1.2351643005385995,1.7521601133048534,0.031047072261571884
12776,Jeff Ekhator,24,727,1,1.3274079076945782,1,1.3739267094060779,10,10,1,0,F M S,Genoa,1,1.3274079076945782,2.3448909549042583,0.5531844501383603
12777,Patrizio Masini,26,1528,1,0.4354055868461728,0,0.2544679529964924,8,6,3,0,M S,Genoa,1,0.4354055868461728,3.3008227180689573,3.045926110818982
12780,Mehdi Taremi,26,781,1,3.3251225762069225,2,1.829333458095789,14,15,1,0,F S,Inter,0,2.5638237334787846,6.388202100992203,2.292017860338092
12788,Anas Haj Mohamed,15,450,1,1.0511461086571217,2,1.2685235664248466,7,9,4,0,M S,Parma Calcio 1913,1,1.0511461086571217,2.5591691844165325,0.9298625811934471
12856,Dailon Livramento,29,922,1,2.382310029119253,1,1.0129290595650673,13,8,2,1,F M S,Verona,1,2.382310029119253,4.684611141681671,1.4328228887170553
12873,Marin Sverko,16,1123,1,0.20068104565143585,0,0.38047781586647034,3,2,3,0,D S,Venezia,1,0.20068104565143585,2.041018757969141,1.8272173590958118
12875,Magnus Kofod Andersen,14,692,1,0.2297064270824194,1,0.4962088577449322,8,10,1,0,M S,Venezia,1,0.2297064270824194,1.7651554197072983,1.3734811171889305
12909,Alessandro Gabrielloni,15,109,1,0.2875324171036482,1,0.6300930082798004,5,4,1,0,S,Como,1,0.2875324171036482,0.7825651317834854,0.01178878266364336
12989,Jay Idzes,35,3130,1,2.105722848325968,0,1.5452221520245075,16,8,5,0,D,Venezia,1,2.105722848325968,5.570156503468752,4.609417419880629
12997,Alieu Fadera,28,1652,1,1.7973176594823599,3,3.3553921189159155,28,23,2,1,D M S,Como,1,1.7973176594823599,9.128523889929056,4.8411138989031315
13030,Gabriel Charpentier,10,242,1,0.852648101747036,2,0.6286597438156605,9,6,1,0,S,Parma Calcio 1913,1,0.852648101747036,1.3949673753231764,0.045623790472745895
13031,Giovanni Leoni,17,1210,1,0.3942391201853752,0,0.013675395399332047,2,1,3,1,D S,Parma Calcio 1913,1,0.3942391201853752,1.9602036774158478,1.9465282820165157
13444,Florinel Coman,9,253,1,0.13129988871514797,0,0.013362438417971134,4,1,2,0,M S,Cagliari,1,0.13129988871514797,0.44006112311035395,0.35077511705458164
3,Luca Caldirola,14,865,0,0.3377504227682948,0,0.0862647034227848,4,2,5,0,D S,Monza,0,0.3377504227682948,0.9976316206157207,0.9445620588958263
199,Yann Sommer,33,2970,0,0,0,0,0,0,0,0,GK,Inter,0,0,8.29308963380754,8.29308963380754
342,Sead Kolasinac,23,1917,0,0.8305487222969532,2,2.8309976141899824,10,17,7,0,D,Atalanta,0,0.8305487222969532,11.083419598639011,9.720477867871523
373,Mats Hummels,14,925,0,0.6159650785848498,0,0.07733597233891487,8,2,1,0,D S,Roma,0,0.6159650785848498,5.503668360412121,5.38141018897295
498,Alexis Sánchez,13,435,0,1.230900346301496,0,0.10154147073626518,7,3,0,0,F S,Udinese,0,1.230900346301496,2.664339796639979,1.4354362692683935
546,David de Gea,35,3150,0,0,1,0.5911908186972141,0,3,1,0,GK,Fiorentina,0,0,4.432341421023011,3.8411506097763777
608,Alberto Moreno,24,1740,0,0.38823137525469065,0,1.6175133232027292,14,19,4,0,D M S,Como,0,0.38823137525469065,5.581042844802141,4.772035701200366
638,Kyle Walker,11,658,0,0.03533044923096895,0,0.7268215194344521,2,6,1,0,D S,AC Milan,0,0.03533044923096895,4.442914701998234,3.9260381013154984
645,Dele Alli,1,8,0,0,0,0,0,0,0,1,S,Como,0,0,0.018886085599660873,0.018886085599660873
688,Ruben Loftus-Cheek,19,1022,0,0.7318667685613036,0,1.7056302540004253,9,16,3,0,M S,AC Milan,0,0.7318667685613036,5.9890375174582005,4.1603625528514385
703,Fikayo Tomori,22,1590,0,0.12429790012538433,1,0.5303027667105198,2,8,2,1,D S,AC Milan,0,0.12429790012538433,7.266339126974344,6.786335755139589
1089,Juan Cuadrado,23,800,0,1.4727812930941582,2,2.286779422312975,16,19,3,0,D F M S,Atalanta,0,1.4727812930941582,5.509815413504839,3.117791526019573
1093,Mattia Perin,5,450,0,0,0,0,0,0,0,0,GK,Juventus,0,0,1.6500126346945763,1.6500126346945763
1136,Gianluca Lapadula,12,281,0,1.5435456782579422,0,0.06302643939852715,15,3,1,0,F S,Cagliari,0,1.5435456782579422,1.7620294522494078,0.4839400500059128
1158,Simone Scuffet,14,1260,0,0,0,0,0,0,0,0,GK,"Cagliari,Napoli",0,0,0.5037520937621593,0.5037520937621593
1182,Daniele Baselli,2,22,0,0,0,0,0,0,0,0,M S,Como,0,0,0,0
1195,Daniele Padelli,1,90,0,0,0,0,0,0,0,0,GK,Udinese,0,0,0.09178049862384796,0.09178049862384796
1247,Juan Jesus,15,1076,0,0.25975461304187775,1,0.10411646217107773,3,1,2,0,D S,Napoli,0,0.25975461304187775,2.991619162261486,2.991619162261486
1254,Alessandro Florenzi,1,4,0,0,0,0,0,0,0,0,S,AC Milan,0,0,0,0
1281,Giuseppe Pezzella,35,2914,0,0.5580153008922935,3,5.642576732672751,15,36,7,0,D M S,Empoli,0,0.5580153008922935,9.082069116644561,5.1079709297046065
1302,Emil Audero,8,720,0,0.04081264138221741,0,0,1,0,0,0,GK,Como,0,0.04081264138221741,0.5066414633765817,0.5066414633765817
1305,Lukasz Skorupski,27,2364,0,0,0,0,0,0,1,0,GK,Bologna,0,0,2.8055365150794387,2.8055365150794387
1320,Federico Barba,7,434,0,0.6274126172065735,0,0,2,0,0,0,D S,Como,0,0.6274126172065735,0.19152876548469067,0.19152876548469067
1374,José Reina,12,1034,0,0,0,0,0,0,0,1,GK,Como,0,0,0.5694548841565847,0.5694548841565847
1375,Elseid Hysaj,11,413,0,0.09134725481271744,3,1.4991598725318909,2,6,0,1,D S,Lazio,0,0.09134725481271744,2.2431315034627914,1.7872814126312733
1445,Simone Verdi,9,97,0,0.06699390430003405,0,0.40795852802693844,2,6,1,0,S,Como,0,0.06699390430003405,0.35784368868917227,0.04038009885698557
1463,Francesco Acerbi,23,1695,0,0.33711791038513184,1,0.695211872458458,5,8,0,0,D S,Inter,0,0.33711791038513184,7.623959269374609,7.433021267876029
1474,Alfred Duncan,16,965,0,0.9684110730886459,0,1.9832440372556448,15,11,2,0,M S,Venezia,0,0.9684110730886459,3.4534763414412737,1.5767809636890888
1484,Rafael Toloi,11,448,0,0.09031020291149616,0,0.25505734235048294,3,3,1,0,D S,Atalanta,0,0.09031020291149616,3.726253092288971,3.514479838311672
1493,Andrea Petagna,13,319,0,0.24896680563688278,0,0.04144047200679779,4,1,1,0,F S,Monza,0,0.24896680563688278,0.3679312029853463,0.13978266064077616
1496,Roberto Gagliardini,8,148,0,0,0,0.0823206976056099,0,1,1,0,S,Monza,0,0,0.2389168106019497,0.2389168106019497
1501,Marco Sportiello,2,124,0,0,0,0,0,0,0,0,GK S,AC Milan,0,0,1.021978735923767,1.021978735923767
1523,Danilo D&#039;Ambrosio,20,1098,0,0.7285793609917164,1,0.5376804694533348,9,5,2,1,D S,Monza,0,0.7285793609917164,2.087382886558771,1.662583826109767
1544,Federico Ravaglia,12,1056,0,0,0,0.04431956261396408,0,1,0,0,GK S,Bologna,0,0,1.1570559367537498,1.1127363666892052
1574,Davide Calabria,18,949,0,0.6295975679531693,1,1.406565360724926,6,14,3,0,D S,"AC Milan,Bologna",0,0.6295975679531693,4.348398424685001,3.165448322892189
1817,Mario Balotelli,6,46,0,0.056573908776044846,0,0,2,0,2,0,S,Genoa,0,0.056573908776044846,0.11396586149930954,0.11396586149930954
1826,Nicola Sansone,5,54,0,0.16222567856311798,0,0.0732918381690979,3,1,0,0,S,Lecce,0,0.16222567856311798,0.12476350367069244,0.03834192827343941
1830,Ionut Radu,15,1350,0,0,0,0,0,0,1,0,GK,Venezia,0,0,2.2083784909918904,2.2083784909918904
1841,Pierluigi Gollini,7,630,0,0,0,0,0,0,1,0,GK,Genoa,0,0,0.48837299458682537,0.48837299458682537
1873,Nicola Leali,29,2610,0,0,0,0,0,0,1,0,GK,Genoa,0,0,3.933131657540798,3.933131657540798
1892,Alex Meret,34,3005,0,0,0,0,0,0,0,0,GK,Napoli,0,0,6.570487875491381,6.570487875491381
1898,Stefano Sabelli,34,2072,0,0.13679284090176225,2,1.975696962326765,6,18,3,0,D S,Genoa,0,0.13679284090176225,6.253503069281578,5.011690195649862
1922,Daniele Sommariva,1,26,0,0,0,0,0,0,0,0,S,Genoa,0,0,0,0
2012,Nicholas Pierini,2,77,0,0.03910071402788162,0,0.0679236464202404,1,2,0,0,S,Venezia,0,0.03910071402788162,0.12636151164770126,0.09262550622224808
2053,Martin Erlic,8,326,0,0.23834431171417236,0,0,6,0,0,0,D S,Bologna,0,0.23834431171417236,0.1023738905787468,0.09086937084794044
2104,Sergi Roberto,13,692,0,0.5105091407895088,1,0.5382862146943808,6,14,4,0,M S,Como,0,0.5105091407895088,4.18746898137033,3.373993579298258
2244,Danilo,12,573,0,0.057766515761613846,1,0.8046743385493755,1,3,2,0,D S,Juventus,0,0.057766515761613846,5.81393438577652,5.480348378419876
3209,Jean-Daniel Akpa-Akpro,14,979,0,0.42987658828496933,0,0.23804530128836632,4,3,4,0,D M S,Monza,0,0.42987658828496933,2.818972907960415,2.5731213949620724
3253,Frederic Guilbert,31,2488,0,0.3119491282850504,1,1.8118632491678,11,18,3,2,D M,Lecce,0,0.3119491282850504,5.815500842407346,4.113950845785439
3363,Benjamin Pavard,23,1581,0,0.4774392433464527,1,0.8174420408904552,8,8,4,0,D S,Inter,0,0.4774392433464527,6.429699372500181,5.86882683262229
3737,Mike Maignan,37,3296,0,0,0,0.5241070203483105,0,5,1,0,GK,AC Milan,0,0,8.307053437456489,7.820246497169137
3899,Mattia Valoti,5,31,0,0,0,0,0,0,1,0,S,Monza,0,0,0.0203121155500412,0.0203121155500412
3951,Kevin Bonifazi,3,56,0,0,0,0,0,0,0,0,S,Lecce,0,0,0.10942845046520233,0.10942845046520233
3978,Marco Faraoni,8,256,0,0.3070428967475891,0,0.10536948032677174,1,2,0,0,D M S,Verona,0,0.3070428967475891,0.4066033009439707,0.0995603920891881
4291,Marc-Oliver Kempf,31,2622,0,1.4569693058729172,0,1.563671639189124,20,10,4,1,D M S,Como,0,1.4569693058729172,10.118817562237382,9.970695631578565
4768,Wylan Cyprien,2,21,0,0.3532252907752991,0,0,1,0,0,0,S,Parma Calcio 1913,0,0.3532252907752991,0.3532252907752991,0
4906,Alberto Cerri,5,74,0,1.4675566963851452,0,0,4,0,0,0,S,Como,0,1.4675566963851452,1.5237245075404644,0.05616782605648041
4959,Filippo Melegoni,3,87,0,0.03688942268490791,1,0.3455231189727783,1,1,0,0,M S,Genoa,0,0.03688942268490791,0.38241254165768623,0
4968,Giorgio Altare,12,750,0,0.08425358310341835,0,0.10477912425994873,3,1,2,0,D S,Venezia,0,0.08425358310341835,0.4232188854366541,0.38663544692099094
4970,Luca Pellegrini,22,1045,0,0.7439164789393544,4,2.8769665770232677,13,21,5,0,D S,Lazio,0,0.7439164789393544,5.017272999510169,3.497437519952655
4984,Wladimiro Falcone,38,3420,0,0,0,0,0,0,2,0,GK,Lecce,0,0,2.4041416253894567,2.4041416253894567
5133,Aarón Martín,36,3100,0,0.7377785928547382,8,5.775845801457763,16,65,5,0,D M S,Genoa,0,0.7377785928547382,8.169334080535918,6.565924710128456
5329,Stefan Posch,19,1087,0,0.6908558821305633,0,0.7738735899329185,5,10,1,0,D S,"Atalanta,Bologna",0,0.6908558821305633,4.5370617881417274,3.7357107251882553
5610,Jean Butez,19,1663,0,0,0,0.030907999724149704,0,1,0,0,GK S,Como,0,0,2.407521625980735,2.376613626256585
5700,Yann Karamoh,29,1031,0,1.7456839065998793,1,1.0140743786469102,25,9,2,0,F M S,Torino,0,1.7456839065998793,3.1664749179035425,0.6353210043162107
5996,Adrien Tameze,20,647,0,0.2971748486161232,0,1.1384672857820988,7,6,3,0,D M S,Torino,0,0.2971748486161232,1.7423053700476885,0.9978323206305504
6078,Leandro Chichizola,1,90,0,0,0,0,0,0,0,0,GK,Parma Calcio 1913,0,0,0.2782973647117615,0.2782973647117615
6122,Douglas Luiz,19,491,0,0.6867432445287704,0,1.156847040168941,8,14,2,0,M S,Juventus,0,0.6867432445287704,3.9437844902276993,3.053325790911913
6125,Stanislav Lobotka,32,2678,0,0.2537906588986516,1,1.2683991631492972,7,17,3,0,M S,Napoli,0,0.2537906588986516,13.80389129370451,13.176433347165585
6132,Marco Silvestri,5,450,0,0,0,0,0,0,0,0,GK,Empoli,0,0,0.47523950785398483,0.47523950785398483
6136,Mario Hermoso,8,228,0,0.07017364352941513,0,0,1,0,0,1,D S,Roma,0,0.07017364352941513,0.45139576122164726,0.45139576122164726
6161,Nicolas Haas,10,270,0,0.01433190330862999,0,0.1896519511938095,1,3,1,0,M S,Empoli,0,0.01433190330862999,0.6599506363272667,0.4702986851334572
6167,Vanja Milinkovic-Savic,37,3330,0,0,0,0.11681997030973434,0,3,3,0,GK,Torino,0,0,3.699137863703072,3.5823178878054023
6180,Manuel Lazzari,25,1408,0,0.13028152100741863,1,1.791149029508233,6,20,3,0,D S,Lazio,0,0.13028152100741863,4.5267760921269655,2.9567021764814854
6208,Antonin Barak,1,57,0,0.05159157142043114,0,0.25329694151878357,2,3,0,0,M,Fiorentina,0,0.05159157142043114,0.2659206688404083,0.02596145309507847
6212,Mattia Bani,20,1513,0,1.4961620587855577,0,0.11710328236222267,8,2,3,0,D S,Genoa,0,1.4961620587855577,4.108662291429937,3.991559020243585
6239,Junior Sambia,17,350,0,0.539000703021884,0,0.23289549257606268,10,5,0,0,D S,Empoli,0,0.539000703021884,1.4956626882776618,1.2405201010406017
6253,Gianluca Scamacca,1,2,0,0.12657105922698975,0,0,1,0,0,0,S,Atalanta,0,0.12657105922698975,0.12657105922698975,0
6352,Valentino Lazaro,33,2335,0,1.252574815414846,6,3.495082600042224,16,33,6,0,D M S,Torino,0,1.252574815414846,7.490926083177328,5.380676664412022
6368,Mathías Olivera,32,2360,0,1.097764770500362,2,1.817230924963951,16,25,4,0,D S,Napoli,0,1.097764770500362,13.384824394248426,11.29226868506521
6412,Raoul Bellanova,35,2505,0,2.0139983566477895,9,6.1611766256392,19,35,3,0,D M S,"Atalanta,Torino",0,2.0139983566477895,14.86794231645763,9.299048135057092
6443,Ben Kone,4,43,0,0.01178878266364336,0,0,1,0,1,0,S,Como,0,0.01178878266364336,0.09087961912155151,0.09087961912155151
6501,Andy Pelmard,3,124,0,0,0,0,0,0,1,0,D S,Lecce,0,0,0.08723478764295578,0.08723478764295578
6507,Semuel Pizzignacco,9,735,0,0,0,0,0,0,0,0,GK S,Monza,0,0,0.029307961463928223,0.029307961463928223
6517,Charalampos Lykogiannis,17,1056,0,0.25807072781026363,4,2.01151954382658,6,19,3,0,D S,Bologna,0,0.25807072781026363,2.5973480846732855,1.813718343153596
6849,Rui Patrício,3,270,0,0,0,0,0,0,0,0,GK,Atalanta,0,0,0.5274441204965115,0.5274441204965115
6872,Mehmet Zeki Çelik,31,2270,0,0.6175438268110156,2,1.8601762130856514,13,19,5,0,D M S,Roma,0,0.6175438268110156,6.364265374839306,5.347411056980491
6884,Remi Oudin,11,285,0,0.11295831389725208,0,0.3877572789788246,3,6,1,0,M S,Lecce,0,0.11295831389725208,1.0996708665043116,0.9684852007776499
6960,Bremer,6,540,0,0.13108684495091438,0,0,3,0,2,0,D,Juventus,0,0.13108684495091438,2.9775117337703705,2.964154303073883
6977,Pietro Terracciano,3,270,0,0,0,0,0,0,0,0,GK,Fiorentina,0,0,0.11800333857536316,0.11800333857536316
6980,Francesco Caputo,1,1,0,0,0,0,0,0,0,0,S,Empoli,0,0,0.08928151428699493,0.08928151428699493
6981,Ismael Bennacer,6,308,0,0.046590205281972885,0,0.11605381406843662,3,4,2,0,M S,AC Milan,0,0.046590205281972885,1.397074207663536,1.3504839986562729
6982,Ivan Provedel,29,2610,0,0,0,0.2428949847817421,0,3,0,0,GK,Lazio,0,0,4.041067577898502,3.85493978112936
7013,Matteo Pessina,11,866,0,0.18470823019742966,0,0.10581812728196383,3,4,2,0,M S,Monza,0,0.18470823019742966,1.6727564288303256,1.504181757569313
7049,Evan Ndicka,38,3420,0,1.0002613915130496,1,1.0897020567208529,18,8,2,0,D,Roma,0,1.0002613915130496,14.56415120139718,14.46067021600902
7075,Borna Sosa,19,1195,0,0.21374295931309462,0,0.8588731754571199,4,11,0,0,D S,Torino,0,0.21374295931309462,3.2037295242771506,2.3541967459023
7087,Elia Caprile,22,1945,0,0,0,0,0,0,0,0,GK S,"Cagliari,Napoli",0,0,1.3403159100562334,1.3403159100562334
7095,Juan Musso,1,90,0,0,0,0,0,0,0,0,GK,Atalanta,0,0,0,0
7203,Drissa Camara,21,395,0,1.3038886561989784,0,0.8044669926166534,15,5,3,0,F S,Parma Calcio 1913,0,1.3038886561989784,3.5401441380381584,1.4914720226079226
7286,Juan Miranda,31,2271,0,0.7252577831968665,6,6.941843368113041,22,57,4,1,D S,Bologna,0,0.7252577831968665,12.564794145524502,10.431560006923974
7321,Nunzio Lella,1,2,0,0,0,0,0,0,0,0,S,Venezia,0,0,0,0
7411,Nicolo Rovella,33,2747,0,1.6033612098544836,3,2.8911108635365963,28,30,13,0,M S,Lazio,0,1.6033612098544836,12.793603636324406,10.814154289662838
7412,Antonio Candela,14,1020,0,0.21077325381338596,1,0.8027737401425838,5,9,2,0,D S,Venezia,0,0.21077325381338596,2.94451604783535,2.0917825028300285
7430,Emerson,17,1392,0,0.34718056581914425,0,0.955795057117939,10,15,5,0,D S,AC Milan,0,0.34718056581914425,5.5557965859770775,4.902985647320747
7516,Nehuén Pérez,2,180,0,0,0,0,0,0,0,0,D,Udinese,0,0,0,0
7628,Lameck Banda,15,592,0,1.5622772760689259,1,0.9776029624044895,17,11,1,0,F M S,Lecce,0,1.5622772760689259,2.743831116706133,0.47446325421333313
7689,Ben Godfrey,1,21,0,0,0,0,0,0,0,0,S,Atalanta,0,0,0,0
7742,Valentin Gendrey,2,180,0,0.16571071930229664,0,0.12388771772384644,2,2,0,0,D,Lecce,0,0.16571071930229664,0.5757324602454901,0.3072855081409216
7758,Cheikh Niasse,11,760,0,0.1723746107891202,0,0.08940456062555313,3,4,4,0,M S,Verona,0,0.1723746107891202,0.9442625353112817,0.6950129084289074
7785,Kingsley Ehizibue,33,2534,0,1.6657815780490637,1,2.317279883660376,14,22,5,0,D M S,Udinese,0,1.6657815780490637,7.501473223790526,3.715930735692382
7909,Gaetano Castrovilli,21,725,0,0.6471601650118828,0,0.9265814088284969,8,9,0,0,M S,"Lazio,Monza",0,0.6471601650118828,2.2591737303882837,0.8896340914070606
7910,Szymon Zurkowski,5,90,0,0.11671343445777893,0,0,2,0,0,0,S,Empoli,0,0.11671343445777893,0.7882494628429413,0.6715360321104527
7923,Pawel Dawidowicz,26,1864,0,0.2021232508122921,0,0,4,0,7,1,D M S,Verona,0,0.2021232508122921,3.7420277846977115,3.723629171960056
7925,Liam Henderson,36,2358,0,0.5047031184658408,4,4.136965589597821,22,32,10,0,M S,Empoli,0,0.5047031184658408,7.070838793180883,4.5941177373752
7927,Sofyan Amrabat,2,180,0,0,0,0.0502852164208889,0,2,0,0,M,Fiorentina,0,0,0.13311734050512314,0.10769574716687202
7938,Tommaso Augello,38,2724,0,0.20215244870632887,7,5.069064102135599,8,40,3,0,D M S,Cagliari,0,0.20215244870632887,10.314077788963914,7.162536110728979
7939,Morten Thorsby,30,1907,0,2.8997801784425974,1,2.3799595832824707,15,26,6,0,F M S,Genoa,0,2.8997801784425974,7.648120200261474,4.1577848475426435
7947,Ruslan Malinovskiy,9,372,0,0.2389437360689044,2,1.3566759591922164,9,7,2,0,M S,Genoa,0,0.2389437360689044,2.6264201309531927,1.517782198265195
7955,Jesse Joronen,8,703,0,0,0,0,0,0,0,0,GK S,Venezia,0,0,1.264470400288701,1.264470400288701
7988,Billy Gilmour,26,1161,0,0.6270224712789059,1,1.503951701335609,9,21,0,0,M S,Napoli,0,0.6270224712789059,8.001585158519447,6.564580678939819
8009,Antonino Gallo,31,2624,0,0.3414014270529151,2,3.284633100964129,9,43,3,1,D,Lecce,0,0.3414014270529151,6.571943439543247,4.682043295353651
8012,Yordan Osorio,3,170,0,0.026246022433042526,0,0.11423105001449585,1,1,0,0,D S,Parma Calcio 1913,0,0.026246022433042526,0.49195464700460434,0.3777235969901085
8030,Sebastian Walukiewicz,31,1853,0,0.38980478793382645,0,0.4117371141910553,6,5,6,0,D S,"Empoli,Torino",0,0.38980478793382645,3.649339665658772,3.0089227156713605
8090,Lloyd Kelly,12,1018,0,0.6167027596384287,0,0.1340404450893402,7,3,1,0,D S,Juventus,0,0.6167027596384287,3.028360364958644,2.810955699533224
8101,Stefano Turati,30,2678,0,0,0,0,0,0,1,0,GK,Monza,0,0,4.33682818338275,4.33682818338275
8185,Giuseppe Ciocci,1,3,0,0,0,0,0,0,0,0,S,Cagliari,0,0,0,0
8232,Andrea Carboni,26,2209,0,0.34478427842259407,1,0.15294894855469465,8,4,5,0,D M S,Monza,0,0.34478427842259407,4.886373091489077,4.654283985495567
8241,Balthazar Pierret,30,1741,0,0.14001493621617556,0,0.5047942474484444,6,10,2,0,M S,Lecce,0,0.14001493621617556,4.396204272285104,3.9150002412497997
8289,Gastón Pereiro,2,26,0,0,0,0,0,0,0,0,S,Genoa,0,0,0.08562840521335602,0.08562840521335602
8303,Marin Pongracic,20,1380,0,0.09330516494810581,0,0.44499590061604977,3,5,1,1,D S,Fiorentina,0,0.09330516494810581,3.3791268803179264,3.275415424257517
8308,Filip Stankovic,16,1367,0,0,0,0,0,0,1,0,GK,Venezia,0,0,0.5519082397222519,0.5519082397222519
8310,Mitchel Bakker,1,20,0,0,0,0,0,0,0,0,S,Atalanta,0,0,0,0
8321,Razvan Sava,12,1080,0,0,0,0,0,0,1,0,GK,Udinese,0,0,0.1836187932640314,0.1836187932640314
8326,Maduka Okoye,25,2250,0,0,0,0,0,0,1,0,GK,Udinese,0,0,1.6492060236632824,1.6492060236632824
8330,Jean Onana,9,291,0,0.009843188337981701,0,0.08210260421037674,1,2,1,0,M S,Genoa,0,0.009843188337981701,0.30650322791188955,0.2145574353635311
8359,Oliver Abildgaard,1,7,0,0,0,0,0,0,0,0,S,Como,0,0,0,0
8372,Lucas Gourna Douath,6,220,0,0.2261843979358673,0,0.09307190775871277,3,2,2,0,M S,Roma,0,0.2261843979358673,1.0990982353687286,0.8322771042585373
8378,Malick Thiaw,22,1800,0,0.4467847943305969,0,0.16911807097494602,7,4,2,0,D S,AC Milan,0,0.4467847943305969,9.644850574433804,9.563174664974213
8380,Pablo Marí,32,2731,0,0.32493915129452944,0,0.13119366392493248,7,3,4,1,D S,"Fiorentina,Monza",0,0.32493915129452944,8.417624782770872,8.417624782770872
8512,Filippo Terracciano,13,527,0,0.14827925339341164,0,0.08551276847720146,3,2,3,0,D M S,AC Milan,0,0.14827925339341164,1.264762431383133,1.1627901270985603
8569,Botond Balogh,29,2055,0,0.5026530101895332,1,0.3208771962672472,3,2,5,0,D S,Parma Calcio 1913,0,0.5026530101895332,4.25353516638279,4.232133310288191
8626,Nikola Moro,22,1223,0,0.4687464339658618,2,1.3277965327724814,14,20,1,0,M S,Bologna,0,0.4687464339658618,4.535771451890469,3.809156246483326
8632,Enzo Ebosse,2,83,0,0,0,0.05145305395126343,0,1,1,0,S,Udinese,0,0,0.10338259115815163,0.0519295372068882
8651,Enzo Le Fée,6,317,0,0.18994251638650894,0,0.1334311068058014,4,3,1,0,M S,Roma,0,0.18994251638650894,1.0235081762075424,0.7803870625793934
8663,Flavius Daniliuc,18,990,0,0.12727944366633892,0,0.1013094000518322,3,2,0,0,D S,Verona,0,0.12727944366633892,2.4502988196909428,2.3834492675960064
8771,Yunus Musah,29,1561,0,2.601052531041205,2,2.0415506903082132,22,23,5,0,D F M S,AC Milan,0,2.601052531041205,9.60949918627739,7.54957664385438
8829,Nicolò Casale,17,1036,0,0.2745541278272867,1,0.43039166927337646,5,3,1,0,D S,"Bologna,Lazio",0,0.2745541278272867,2.387233568355441,2.031178129836917
8871,Marco Carnesecchi,34,3060,0,0,0,0.30051079392433167,0,1,1,0,GK,Atalanta,0,0,6.58033574745059,6.279824946075678
8872,Matteo Ruggeri,30,1739,0,0.4958635475486517,3,2.5657436829060316,3,24,2,0,D M S,Atalanta,0,0.4958635475486517,10.165499176830053,9.297339864075184
8881,Lorenzo Montipò,36,3240,0,0,0,0,0,0,0,0,GK,Verona,0,0,1.1512864883989096,1.1512864883989096
9010,Hamza Rafia,18,1083,0,0.4039858905598521,0,1.1233587395399809,10,16,4,0,M S,Lecce,0,0.4039858905598521,3.5614491663873196,2.3710656855255365
9044,Alberto Paleari,1,90,0,0,0,0,0,0,0,0,GK,Torino,0,0,0,0
9052,Josep Martínez,5,450,0,0,0,0.06435837596654892,0,1,0,0,GK,Inter,0,0,0.9503895416855812,0.8860311661846936
9057,Franco Ezequiel Carboni,8,220,0,0.0143228555098176,0,0.09304037783294916,1,2,2,0,D M S,Venezia,0,0.0143228555098176,0.2046486185863614,0.19565754011273384
9065,Nahuel Estévez,14,658,0,0.0965209947898984,0,0.5345467198640108,5,6,2,0,M S,Parma Calcio 1913,0,0.0965209947898984,1.988280588760972,1.584996396675706
9090,Ardian Ismajli,29,2510,0,0.5098618930205703,0,0.0300749484449625,5,2,3,0,D,Empoli,0,0.5098618930205703,2.167395389638841,2.15336153563112
9107,Giorgio Scalvini,6,284,0,0.08594767935574055,0,0,4,0,2,0,D S,Atalanta,0,0.08594767935574055,0.06393450871109962,0.02235308103263378
9226,Mihai Valentin Mihaila,21,1315,0,2.550204722210765,3,1.3676811531186104,30,17,2,0,F M S,Parma Calcio 1913,0,2.550204722210765,4.922204859554768,1.9117422420531511
9344,Viktor Kovalenko,6,61,0,0.14746301621198654,0,0,3,0,0,0,S,Empoli,0,0.14746301621198654,0.41573808155953884,0.39823270589113235
9381,Saba Sazonov,1,1,0,0,0,0,0,0,0,0,S,Torino,0,0,0,0
9425,Emil Bohinen,3,158,0,0.07997463643550873,0,0.08743569999933243,2,3,0,0,M S,Genoa,0,0.07997463643550873,0.6050263606011868,0.5149470828473568
9539,Antonio Raimondo,9,71,0,0.5108163952827454,0,0.10560134798288345,1,1,0,0,S,Venezia,0,0.5108163952827454,0.6164177432656288,0
9691,Nuno Tavares,23,1725,0,1.5730981789529324,8,6.447076931595802,28,34,2,1,D S,Lazio,0,1.5730981789529324,9.160245101898909,5.097952570766211
9707,Silvère Ganvoula,7,324,0,0.3896697089076042,0,0.13973765075206757,4,1,0,0,F S,Monza,0,0.3896697089076042,0.5616965629160404,0.10214122571051121
9714,Odilon Kossounou,18,1126,0,1.0900323893874884,0,0.06694938242435455,6,1,1,0,D S,Atalanta,0,1.0900323893874884,5.160535207018256,4.8585813865065575
9849,Petar Stojanovic,1,1,0,0,0,0,0,0,0,0,S,Empoli,0,0,0,0
9856,Emmanuel Ekong,15,146,0,0.13418478704988956,0,0.10241299867630005,4,2,1,0,S,Empoli,0,0.13418478704988956,0.6242885012179613,0.38769072107970715
9877,Tyronne Ebuehi,4,64,0,0,0,0,0,0,0,0,S,Empoli,0,0,0.3135741949081421,0.3135741949081421
9889,Bjarki Steinn Bjarkason,9,153,0,0,0,0.050539832562208176,0,1,2,0,D S,Venezia,0,0,0.06828688085079193,0.06828688085079193
9893,Youssef Maleh,22,1524,0,0.9958969270810485,1,0.900695376098156,17,12,3,1,M S,Empoli,0,0.9958969270810485,3.4599987901747227,2.395837927237153
9902,Pasquale Mazzocchi,20,691,0,0.3297137916088104,0,0.44114045798778534,3,5,2,0,D S,Napoli,0,0.3297137916088104,2.241537034511566,1.548105027526617
9903,Domen Crnigoj,8,121,0,0.09253344684839249,0,0,1,0,0,0,M S,Venezia,0,0.09253344684839249,0.182824295014143,0.0902908481657505
10200,Rafa Marín,4,133,0,0.0963965579867363,0,0,2,0,1,0,D S,Napoli,0,0.0963965579867363,0.5633276551961899,0.547226145863533
10222,Estanis Pedrola,1,8,0,0.11830463260412216,0,0.1421719491481781,2,2,0,0,S,Bologna,0,0.11830463260412216,0.26047658920288086,0
10248,Arijon Ibrahimovic,1,6,0,0.06202208250761032,0,0,2,0,0,0,S,Lazio,0,0.06202208250761032,0.06202208250761032,0
10383,Michel Aebischer,14,729,0,0.4345237482339144,0,0.3845790233463049,10,8,2,0,M S,Bologna,0,0.4345237482339144,1.6987727517262101,1.2707355553284287
10460,Yllan Okou,1,1,0,0,0,0,0,0,0,0,S,Verona,0,0,0,0
10596,Simone Pafundi,9,94,0,0.06180659309029579,0,0.6294282283633947,2,3,0,0,S,Udinese,0,0.06180659309029579,0.29618521220982075,0.2107119094580412
10695,Faride Alidou,3,63,0,0.012504923157393932,0,0.01363900676369667,1,1,0,0,S,Verona,0,0.012504923157393932,0.4287064578384161,0.41620153561234474
10781,Mateusz Wieteska,5,170,0,0.3743296265602112,0,0.11584148555994034,1,1,1,0,D S,Cagliari,0,0.3743296265602112,0.20216444693505764,0.0863229613751173
10881,James Abankwah,6,70,0,0.11467425525188446,0,0,1,0,1,0,S,Udinese,0,0.11467425525188446,0.42681391537189484,0.3121396601200104
10890,Michele Di Gregorio,33,2970,0,0,0,0.3083939254283905,0,1,0,0,GK,Juventus,0,0,3.53214343264699,3.53214343264699
10897,Samuele Vignato,17,444,0,0.22736379876732826,0,0.009863970801234245,4,1,0,0,M S,Monza,0,0.22736379876732826,0.7696044538170099,0.5323766693472862
10898,Warren Bondo,24,1797,0,0.42235535755753517,0,0.32165952399373055,14,6,4,1,M S,"AC Milan,Monza",0,0.42235535755753517,6.933657519519329,6.372226420789957
10906,Thórir Helgason,21,1156,0,1.3021719567477703,4,0.9663341771811247,16,22,0,0,M S,Lecce,0,1.3021719567477703,2.938693890348077,1.4568527415394783
10908,Medon Berisha,17,697,0,0.6646855622529984,1,0.7705809716135263,24,11,5,0,M S,Lecce,0,0.6646855622529984,1.8912896253168583,1.05741735547781
10935,Dodô,35,3126,0,1.4068531906232238,5,4.798341209068894,27,37,8,0,D M,Fiorentina,0,1.4068531906232238,13.066202946938574,9.197617669589818
10967,Mile Svilar,38,3420,0,0.08025249093770981,0,0,1,0,1,0,GK,Roma,0,0.08025249093770981,7.252380753867328,7.252380753867328
11022,Simone Perilli,2,180,0,0,0,0,0,0,0,0,GK,Verona,0,0,0.05081536993384361,0.05081536993384361
11038,Jhon Lucumí,32,2626,0,0.7916854955255985,1,0.5481209829449654,12,9,8,1,D S,Bologna,0,0.7916854955255985,8.904810205101967,8.749637074768543
11049,Reda Belahyane,28,1849,0,0.19402291532605886,2,1.198390127159655,6,16,4,2,M S,"Lazio,Verona",0,0.19402291532605886,5.804689330048859,4.648497930727899
11053,Isak Hien,30,2336,0,0.9531183708459139,0,0.07658737525343895,8,2,10,0,D S,Atalanta,0,0.9531183708459139,11.485736094415188,11.409148715436459
11054,Juan Cabal,7,464,0,0.1306802649050951,0,0.17204512655735016,5,1,0,0,D S,Juventus,0,0.1306802649050951,3.065493978559971,3.04121283441782
11170,Jacopo Seghetti,1,90,0,0,0,0,0,0,0,0,GK,Empoli,0,0,0,0
11281,Michael Kayode,5,118,0,0.09395667910575867,0,0.28012001514434814,1,1,0,0,D S,Fiorentina,0,0.09395667910575867,0.6066556721925735,0.5126989930868149
11289,Ola Solbakken,21,750,0,0.7903557196259499,0,0.5749603006988764,4,9,2,0,F M S,Empoli,0,0.7903557196259499,1.7711380869150162,0.46449032612144947
11299,Devis Vásquez,32,2880,0,0,0,0,0,0,2,0,GK,Empoli,0,0,0.810832651797682,0.810832651797682
11306,Cyril Ngonge,18,177,0,0.5907556600868702,0,0.19643199816346169,13,3,2,0,F S,Napoli,0,0.5907556600868702,0.797872643917799,0.15808765590190887
11378,Máximo Perrone,26,1866,0,0.9457318838685751,3,1.9598194928839803,10,30,6,0,M S,Como,0,0.9457318838685751,9.632720220834017,7.242648001760244
11383,Renato Veiga,13,1091,0,0.8249842878431082,1,0.039737433195114136,12,2,2,0,D S,Juventus,0,0.8249842878431082,3.344063217751682,3.2855254961177707
11418,Alphadjo Cissè,2,5,0,0.03928211145102978,0,0,2,0,0,0,S,Verona,0,0.03928211145102978,0.01921735890209675,0
11463,Aaron Ciammaglichella,1,1,0,0,0,0,0,0,0,0,S,Torino,0,0,0,0
11498,Mirko Maric,18,439,0,1.1305477246642113,0,0.10223524644970894,7,3,0,0,F S,"Monza,Venezia",0,1.1305477246642113,1.1157330609858036,0.8022486865520477
11551,Marco Palestra,9,213,0,0,0,0.2432294562458992,0,3,0,0,D S,Atalanta,0,0,1.3319834247231483,1.0887539610266685
11768,Cher Ndour,9,397,0,0.1504337266087532,0,0,4,0,1,0,M S,Fiorentina,0,0.1504337266087532,1.4026796147227287,1.3219382259994745
11800,Arthur Atta,27,1223,0,1.5434948615729809,1,1.7459386195987463,26,18,5,0,M S,Udinese,0,1.5434948615729809,4.884303130209446,2.524522189050913
11876,Luca Marianucci,18,1058,0,0.6265358319506049,0,0.15369900921359658,8,3,0,1,D M S,Empoli,0,0.6265358319506049,1.9464550446718931,1.8548162579536438
11877,Michael Folorunsho,20,662,0,0.6155886743217707,0,0.7538418211042881,10,3,5,0,D M S,"Fiorentina,Napoli",0,0.6155886743217707,3.04950394295156,1.7586079202592373
11946,Mohamed Kaba,15,422,0,0.647593978792429,0,0.030708590522408485,4,1,1,0,M S,Lecce,0,0.647593978792429,0.9743184950202703,0.8636524956673384
11947,Rares Burnete,4,17,0,0.0571330264210701,0,0,1,0,0,0,S,Lecce,0,0.0571330264210701,0.0571330264210701,0
11955,Alberto Dossena,23,1834,0,0.6554462192580104,2,1.2226081043481827,12,5,1,1,D S,Como,0,0.6554462192580104,3.436672180891037,3.3512209616601467
11956,Paulo Azzi,6,437,0,0.6600406542420387,0,0.800193764269352,8,5,2,0,D S,Cagliari,0,0.6600406542420387,2.4045355208218098,1.7738776132464409
11957,Antoine Makoumbou,33,2189,0,0.19623093865811825,3,0.9039087705314159,7,8,2,1,M S,Cagliari,0,0.19623093865811825,8.027866251766682,7.405774045735598
11959,Matteo Prati,12,579,0,0.07365255989134312,0,0.5021635591983795,4,6,1,0,M S,Cagliari,0,0.07365255989134312,1.219874769449234,0.9838402755558491
11961,Sam Beukema,35,3010,0,1.6605565324425697,1,1.1881455723196268,15,10,1,0,D S,Bologna,0,1.6605565324425697,9.021669746376574,8.621597194112837
11962,Oussama El Azzouzi,2,11,0,0,0,0,0,0,0,0,S,Bologna,0,0,0.05568971112370491,0.05568971112370491
11967,Davide Bartesaghi,4,115,0,0.030320703983306885,0,0.1432030163705349,1,2,0,1,D S,AC Milan,0,0.030320703983306885,0.9094470888376236,0.8431871682405472
11968,Kevin Zeroli,9,404,0,0.4978923872113228,1,0.6236989796161652,6,2,0,0,M S,"AC Milan,Monza",0,0.4978923872113228,1.3252834109589458,0.26797627191990614
11989,Walid Cheddira,1,5,0,0,0,0.06402041763067245,0,1,0,0,S,Napoli,0,0,0.06402041763067245,0
12012,Marcus Pedersen,29,1349,0,0.8383578862994909,0,0.31397981476038694,8,7,3,0,D S,Torino,0,0.8383578862994909,2.568528109230101,1.559088763780892
12043,Christos Mandas,9,810,0,0,0,0,0,0,0,0,GK,Lazio,0,0,2.291612671688199,2.291612671688199
12078,Alan Matturro,13,888,0,0.1578726852312684,0,0.2325288951396942,4,3,2,0,D S,Genoa,0,0.1578726852312684,1.3593639694154263,1.0876875780522823
12095,Tomás Suslov,31,2123,0,1.6774194007739425,1,2.0379438870586455,32,27,5,1,F M S,Verona,0,1.6774194007739425,7.891592211090028,5.554568611085415
12168,Alejandro Jiménez,22,1285,0,1.2752824798226357,1,1.689367761835456,15,12,6,0,D M S,AC Milan,0,1.2752824798226357,7.944430101662874,5.334013137966394
12218,Francesco Camarda,10,194,0,0.5220109783113003,0,0.28130099922418594,8,5,0,0,F S,AC Milan,0,0.5220109783113003,1.516376305371523,0.8795242458581924
12252,Alberto Manzoni,1,1,0,0.03272377327084541,0,0,1,0,0,0,S,Atalanta,0,0.03272377327084541,0.03272377327084541,0
12310,Stefan Lekovic,7,355,0,0.06517907697707415,0,0,3,0,0,0,D S,Monza,0,0.06517907697707415,0.23060785792768002,0.23060785792768002
12322,Tajon Buchanan,6,79,0,0,0,0.06375836580991745,0,1,0,0,S,Inter,0,0,0.2777990475296974,0.21404068171977997
12334,Kingstone Mutandwa,6,102,0,0.20732177048921585,0,0,4,0,0,0,S,Cagliari,0,0.20732177048921585,1.0372788980603218,0.8299571257084608
12340,Omari Forson,9,198,0,0.42803034745156765,0,0.32168595865368843,5,8,0,0,F S,Monza,0,0.42803034745156765,0.8694537989795208,0.1912885531783104
12356,Saba Goglichidze,33,2560,0,0.26188276801258326,1,0.3744480684399605,6,3,3,1,D S,Empoli,0,0.26188276801258326,2.4100154601037502,1.9589530508965254
12357,Andrea Mazza,1,7,0,0,0,0,0,0,0,0,S,Monza,0,0,0,0
12380,Dani Silva,11,398,0,0.03241147892549634,0,0.14773431979119778,2,3,1,0,M S,Verona,0,0.03241147892549634,1.5528571605682373,1.4024221748113632
12440,David Ankeye,4,38,0,0,0,0,0,0,0,0,S,Genoa,0,0,0,0
12584,Maat Caprini,2,7,0,0,0,0,0,0,0,0,S,Fiorentina,0,0,0,0
12635,Matteo Palma,1,2,0,0,0,0,0,0,0,0,S,Udinese,0,0,0,0
12639,Junior Ajayi,2,10,0,0,0,0,0,0,0,0,S,Verona,0,0,0,0
12778,Federico Accornero,1,1,0,0,0,0,0,0,0,0,S,Genoa,0,0,0,0
12779,Honest Ahanor,6,263,0,0.6984457075595856,0,0.064913185313344,3,2,0,0,D M S,Genoa,0,0.6984457075595856,0.5303681567311287,0.07260099053382874
12781,Zion Suzuki,37,3319,0,0,0,0,0,0,0,1,GK,Parma Calcio 1913,0,0,5.399743342772126,5.399743342772126
12782,Woyo Coulibaly,14,1082,0,0.11187431681901217,1,1.3046283889561892,3,8,1,1,D S,Parma Calcio 1913,0,0.11187431681901217,3.6352696400135756,2.4448944218456745
12783,Alessandro Circati,6,540,0,0.1777893677353859,0,0.02160043828189373,2,1,1,0,D,Parma Calcio 1913,0,0.1777893677353859,1.000532565638423,0.9789321273565292
12786,Mateusz Kowalski,1,61,0,0.5485414266586304,0,0,1,0,0,0,M,Parma Calcio 1913,0,0.5485414266586304,0.5689487457275391,0.020407309755682945
12802,Lorenzo Tosto,1,1,0,0,0,0,0,0,0,0,S,Empoli,0,0,0,0
12822,Álex Valle,15,1042,0,0.32909518852829933,0,0.5185151733458042,9,11,2,0,D S,Como,0,0.32909518852829933,3.6806634962558746,3.0706890635192394
12853,Jesper Karlström,37,3201,0,1.0215017618611455,3,1.6782602947205305,13,21,9,0,M S,Udinese,0,1.0215017618611455,8.539285136386752,6.683409044519067
12854,Martin Frese,11,543,0,0.05553499795496464,0,0.26425595954060555,2,5,0,0,D M S,Verona,0,0.05553499795496464,1.2922106329351664,0.9994388073682785
12858,Daniele Ghilardi,24,2029,0,0.5332020772621036,0,0.18988129403442144,12,6,7,1,D S,Verona,0,0.5332020772621036,1.4485671985894442,1.2841083779931068
12867,Alen Sherri,7,627,0,0,0,0.022837568074464798,0,1,0,0,GK,Cagliari,0,0,0.11966011486947536,0.11966011486947536
12868,Mattia Felici,20,908,0,1.0934456456452608,3,1.2246886799111962,10,10,1,0,M S,Cagliari,0,1.0934456456452608,3.3920855671167374,2.592358149588108
12869,Samuel Dahl,2,39,0,0,0,0,0,0,0,0,S,Roma,0,0,0.06342943012714386,0.06342943012714386
12874,Richie Sagrado,3,145,0,0.034154441207647324,0,0,1,0,1,0,D,Venezia,0,0.034154441207647324,0.0629419069737196,0.028787465766072273
12878,Issa Doumbia,24,922,0,1.5646562036126852,0,0.11719143949449062,17,3,0,0,M S,Venezia,0,1.5646562036126852,2.518975531682372,1.2910603070631623
12885,Kialonda Gaspar,24,2148,0,0.7673945985734463,1,1.029505891725421,16,6,3,0,D,Lecce,0,0.7673945985734463,3.646687723696232,3.5604168847203255
12886,Filip Marchwinski,1,13,0,0,0,0,0,0,0,0,S,Lecce,0,0,0,0
12889,Federico Cassa,2,7,0,0,0,0,0,0,0,0,S,Atalanta,0,0,0,0
12906,Jonas Rouhi,5,206,0,0,0,0,0,0,0,0,D S,Juventus,0,0,0.3243759274482727,0.3243759274482727
12907,Marco Sala,10,325,0,0,0,0.4168045446276665,0,2,3,0,D S,"Como,Lecce",0,0,0.7204070463776588,0.4111374393105507
12908,Matthias Braunöder,8,267,0,0.06269431300461292,0,0,2,0,1,1,M S,Como,0,0.06269431300461292,0.04127271845936775,0.04127271845936775
12958,Alessandro Marcandalli,10,407,0,0.5659685600548983,0,0,2,0,2,0,D S,"Genoa,Venezia",0,0.5659685600548983,0.26069828122854233,0.26069828122854233
12990,Saad El Haddad,3,23,0,0,0,0.018121900036931038,0,1,0,0,S,Venezia,0,0,0.0346195213496685,0.016497621312737465
12996,Alessio Iovine,10,373,0,0.015361277386546135,0,0.197709696367383,1,3,2,0,D S,Como,0,0.015361277386546135,0.7458569463342428,0.6428565289825201
12998,Ali Jasim,2,8,0,0,0,0,0,0,0,0,S,Como,0,0,0,0
12999,Lorenzo Anghelè,1,2,0,0,0,0,0,0,0,0,S,Juventus,0,0,0,0
13006,Joël Schingtienne,16,1124,0,0,0,0.0965624712407589,0,3,2,0,D S,Venezia,0,0,0.43562865536659956,0.4160086130723357
13009,Vanja Vlahovic,3,56,0,0.07569820433855057,0,0.13445574045181274,1,2,0,0,S,Atalanta,0,0.07569820433855057,0.21015393733978271,0
13027,Gaby Jean,19,1384,0,0.0758519172668457,0,0.0571330264210701,1,1,0,0,D S,Lecce,0,0.0758519172668457,2.0158384051173925,2.0158384051173925
13046,Lior Kasa,8,221,0,0.8909140527248383,0,0.03812585398554802,5,2,2,0,M S,Genoa,0,0.8909140527248383,1.4693591110408306,0.6169382594525814
13049,Damián Pizarro,2,12,0,0,0,0,0,0,0,0,S,Udinese,0,0,0,0
13050,Ignace Van der Brempt,20,1256,0,0.5743862800300121,1,0.42669511400163174,7,10,3,0,D S,Como,0,0.5743862800300121,2.9767110673710704,2.443053009919822
13053,Saud Abdulhamid,4,208,0,0.014963983558118343,1,0.37896348536014557,1,2,0,0,D S,Roma,0,0.014963983558118343,1.148334621451795,0.7544071078300476
13071,Ismael Konaté,12,87,0,0.42596037220209837,1,0.032682270742952824,3,2,0,0,S,Empoli,0,0.42596037220209837,0.45864264387637377,0
13072,Vasilije Adzic,6,33,0,0.027242431417107582,0,0,1,0,0,0,S,Juventus,0,0.027242431417107582,0.09828288853168488,0.07104045525193214
13083,Matías Moreno,4,144,0,0,0,0.044824134558439255,0,2,0,0,D S,Fiorentina,0,0,0.06141935847699642,0.03736797161400318
13095,Tomás Palacios,10,447,0,0.04481832683086395,0,0,1,0,2,0,D S,"Inter,Monza",0,0.04481832683086395,0.5129926465451717,0.5129926465451717
13097,Mandela Keita,30,1852,0,0.09851071052253246,2,1.207997653633356,5,16,4,1,M S,Parma Calcio 1913,0,0.09851071052253246,6.091869512572885,5.132593246176839
13099,Rui Modesto,20,581,0,0.5112633872777224,1,0.6775725353509188,3,14,1,0,D S,Udinese,0,0.5112633872777224,1.939987700432539,1.0906022023409605
13112,Fellipe Jack,7,162,0,0,0,0.09910435229539871,0,1,2,0,D S,Como,0,0,0.13377606216818094,0.03467170987278223
13129,Kevin Martins,9,163,0,0,1,0.395392594859004,0,2,1,0,D S,Monza,0,0,0.7607177495956421,0.7607177495956421
13136,Brooke Norton-Cuffy,14,726,0,0.21893439441919327,0,0.11284434050321579,5,2,0,0,D F M S,Genoa,0,0.21893439441919327,1.3186640366911888,0.9868852980434895
13151,Mattia Liberali,1,63,0,0.06840144842863083,0,0.07609933614730835,2,1,0,0,M,AC Milan,0,0.06840144842863083,0.3106605112552643,0.18091922998428345
13164,Tommaso Gabellini,1,8,0,0.01655462197959423,0,0,1,0,0,0,S,Torino,0,0.01655462197959423,0.01655462197959423,0
13172,Adrian Benedyczak,9,195,0,0.17261865735054016,0,0.0382277425378561,3,2,0,0,M S,Parma Calcio 1913,0,0.17261865735054016,0.27507107332348824,0.06422467529773712
13178,Tommaso Rubino,1,5,0,0,0,0.09105022251605988,0,1,0,0,S,Fiorentina,0,0,0.09105022251605988,0
13244,Jacopo Bacci,3,24,0,0,0,0,0,0,0,0,S,Empoli,0,0,0.5372961163520813,0.5372961163520813
13254,Diego Pugno,1,5,0,0,0,0.05232212319970131,0,1,0,0,S,Juventus,0,0,0.05232212319970131,0
13269,Thomas Campaniello,3,19,0,0.36383768916130066,0,0,1,0,0,0,S,Empoli,0,0.36383768916130066,0.3746410859748721,0.3746410859748721
13270,Sergiu Perciun,5,133,0,0.06160493940114975,0,0.06556979566812515,2,2,0,0,S,Torino,0,0.06160493940114975,0.5593453757464886,0.43217064440250397
13313,Nicolás Valentini,14,1139,0,0.2727090008556843,0,0.7699992805719376,8,6,3,1,D S,Verona,0,0.2727090008556843,1.0628653690218925,0.4007140025496483
13328,Bob Omoregbe,1,2,0,0,0,0,0,0,0,0,S,AC Milan,0,0,0,0
13331,Mathias Løvik,6,77,0,0.13743847608566284,0,0.12175291031599045,1,1,0,0,S,Parma Calcio 1913,0,0.13743847608566284,0.4857194051146507,0.22652801126241684
13338,Cheick Conde,9,136,0,0,0,0.008310917764902115,0,1,2,0,M S,Venezia,0,0,0.4384280852973461,0.430117167532444
13340,Luka Topalovic,1,5,0,0,0,0,0,0,0,0,S,Inter,0,0,0,0
13354,Alberto Costa,9,342,0,1.0256558116525412,1,0.12016567960381508,7,2,3,0,D S,Juventus,0,1.0256558116525412,3.0140678621828556,2.2493527457118034
13389,Devyne Rensch,14,458,0,0.6233813874423504,1,0.7634415775537491,3,2,0,0,D S,Roma,0,0.6233813874423504,2.320372387766838,2.1854646783322096
13395,Danilo Veiga,13,332,0,0.7220241073518991,0,0.32900296337902546,5,6,0,0,D S,Lecce,0,0.7220241073518991,1.6650652419775724,0.8138769175857306
13396,Tiago Gabriel,2,92,0,0,0,0,0,0,0,0,S,Lecce,0,0,0.04531363397836685,0.04531363397836685
13400,Arvid Brorsson,6,357,0,0,0,0,0,0,0,0,D S,Monza,0,0,0.8185673002153635,0.8185673002153635
13401,Daniel Oyegoke,5,91,0,0.013305271975696087,0,0,1,0,1,0,S,Verona,0,0.013305271975696087,0,0
13411,Benjamin Siegrist,2,154,0,0,0,0,0,0,0,0,GK,Genoa,0,0,0,0
13443,Ivan Smolcic,9,627,0,0.7790971677750349,0,0.12079346925020218,7,2,2,0,D S,Como,0,0.7790971677750349,1.1278045997023582,0.9111174307763577
13447,Oliver Provstgaard,2,27,0,0,0,0,0,0,1,0,S,Lazio,0,0,0.0365833155810833,0.0365833155810833
13449,Victor Nelsson,4,179,0,0.04691377282142639,0,0,1,0,0,0,D S,Roma,0,0.04691377282142639,0.5982119515538216,0.5982119515538216
13450,Anass Salah-Eddine,3,156,0,0.4623778164386749,1,0.04638083651661873,2,2,0,0,D S,Roma,0,0.4623778164386749,2.121259570121765,1.6293084435164928
13451,Konan N’Dri,11,285,0,0.4773371573537588,0,0.1473285099491477,9,6,0,0,M S,Lecce,0,0.4773371573537588,0.5176749816164374,0.11570252105593681
13478,Sebastian Otoa,3,183,0,0,0,0,0,0,1,1,D,Genoa,0,0,0.07598115876317024,0.07598115876317024
13562,Nicola Pintus,1,1,0,0,0,0,0,0,0,0,S,Cagliari,0,0,0,0
13599,Alessio Cacciamani,2,21,0,0,0,0,0,0,0,0,S,Torino,0,0,0.29618507623672485,0.29618507623672485
