nombre,club_actual,goles_esperados,asistencias_esperadas,goles_esperados_noPen,key_passes,xGChain,xGBuildup,temporada,liga
harry kane,Bayern Munich,24.83850298821926,5.889719098806381,18.01851277425885,36,30.19251061975956,8.705299209803343,2024-2025,bundesliga
patrik schick,Bayer Leverkusen,13.808413846418262,0.8931068908423185,13.050637168809772,11,13.012595891952516,2.17465521954,2024-2025,bundesliga
serhou guirassy,Borussia Dortmund,24.67502747476101,3.927161391824484,21.64392078667879,25,28.84895157814026,5.983426092192531,2024-2025,bundesliga
jonathan burkardt,Mainz 05,15.531241215765476,3.2260143337771297,14.015687860548496,20,17.678049380891025,2.2389991842210293,2024-2025,bundesliga
tim kleindienst,Borussia M.Gladbach,15.641376122832298,6.164368532598019,14.125822767615318,28,22.16408023238182,5.898254873231053,2024-2025,bundesliga
ermedin demirovic,VfB Stuttgart,17.190185952931643,2.3308997359126806,15.674632657319307,18,18.022325498983264,3.6710129603743553,2024-2025,bundesliga
omar marmoush,Eintracht Frankfurt,10.454029858112335,6.4370531141757965,8.938476577401161,33,15.567543163895609,4.923579152673483,2024-2025,bundesliga
hugo ekitike,Eintracht Frankfurt,23.090678934007883,7.497596137225628,20.81734884157777,43,32.08109536021948,6.5742603074759245,2024-2025,bundesliga
benjamin sesko,RasenBallsport Leipzig,10.84312501270324,2.5418332908302546,9.327571731992066,19,14.85635886900127,4.552526947110891,2024-2025,bundesliga
nick woltemade,VfB Stuttgart,12.919283613562584,5.339851493015885,10.64595346339047,36,18.696467697620392,5.270718416199088,2024-2025,bundesliga
jamal musiala,Bayern Munich,11.052295371890068,5.645927414298058,11.052295371890068,41,23.51362369954586,10.554121501743792,2024-2025,bundesliga
michael olise,Bayern Munich,10.028207782655954,14.287162024527788,10.028207782655954,89,31.13305725902319,15.147963047027588,2024-2025,bundesliga
leroy sané,Bayern Munich,10.864085894078016,6.123259458690882,10.864085894078016,37,21.53510593622923,8.566130949184299,2024-2025,bundesliga
andrej kramaric,Hoffenheim,12.799855667166412,4.250613275915384,10.52652560081333,50,19.27825254201889,5.942930793389678,2024-2025,bundesliga
alassane pléa,Borussia M.Gladbach,6.866865694522858,3.265819158405065,6.10908904671669,25,13.179648963734508,6.668403459712863,2024-2025,bundesliga
shuto machino,Holstein Kiel,8.25303456094116,2.2886266466230154,6.73748121317476,26,12.449354909360409,6.3784140115603805,2024-2025,bundesliga
florian wirtz,Bayer Leverkusen,10.05364241823554,8.316964589059353,7.022535771131516,56,20.83097556233406,10.964113848283889,2024-2025,bundesliga
xavi simons,RasenBallsport Leipzig,6.223592175170779,6.1870312336832285,6.223592175170779,50,16.81583746895194,6.952227101661265,2024-2025,bundesliga
ritsu doan,Freiburg,8.055666498839855,4.389358818531036,8.055666498839855,27,19.25091073103249,10.242727846838534,2024-2025,bundesliga
paul nebel,Mainz 05,6.269156511873007,4.314232256263495,6.269156511873007,35,17.700350554659963,8.364783497527242,2024-2025,bundesliga
jens stage,Werder Bremen,7.943040877580643,3.238111473619938,7.943040877580643,23,15.3200044631958,7.953148111701012,2024-2025,bundesliga
mohammed amoura,Wolfsburg,10.863602759316564,4.308450622484088,9.348049404099584,35,16.025755416601896,5.196772448718548,2024-2025,bundesliga
alexis claude maurice,Augsburg,4.652821511030197,1.2668815301731229,4.652821511030197,21,11.06004698574543,5.729791997931898,2024-2025,bundesliga
jonas wind,Wolfsburg,6.339151995256543,4.765156495384872,4.8235986810177565,33,9.863119781017303,4.174212370067835,2024-2025,bundesliga
deniz undav,VfB Stuttgart,11.975074492394924,4.6570643819868565,11.975074492394924,26,19.974650152027607,5.010630551725626,2024-2025,bundesliga
loïs openda,RasenBallsport Leipzig,10.03450933098793,3.765269065275788,9.27673265337944,28,15.741462273523211,4.010902209207416,2024-2025,bundesliga
benedict hollerbach,Union Berlin,9.080473525449634,2.390376001596451,9.080473525449634,28,12.341620037332175,2.798220462165773,2024-2025,bundesliga
marvin ducksch,Werder Bremen,10.446885596960785,10.059994157403708,8.931332174688578,61,19.355842046439648,4.983372114598751,2024-2025,bundesliga
vincenzo grifo,Freiburg,7.989085482433438,8.86034712381661,5.7157554272562265,65,14.169706366956234,6.400352879427373,2024-2025,bundesliga
maximilian beier,Borussia Dortmund,9.488328475505114,3.210040792822838,9.488328475505114,25,14.034051459282637,4.297043411061168,2024-2025,bundesliga
jamie bynoe-gittens,Borussia Dortmund,4.5964207872748375,3.476314332336188,4.5964207872748375,21,12.025190606713297,5.523857708089054,2024-2025,bundesliga
adam hlozek,Hoffenheim,5.854527406394482,2.8081529047340155,5.854527406394482,21,11.557377450168133,4.727587189525366,2024-2025,bundesliga
victor boniface,Bayer Leverkusen,9.102240042760968,1.1899061873555183,8.344463424757123,10,8.272871671244502,2.321392834186554,2024-2025,bundesliga
phil harres,Holstein Kiel,6.069004004821181,1.687046148814261,6.069004004821181,10,8.803555831313133,2.012516127899289,2024-2025,bundesliga
nadiem amiri,Mainz 05,5.710457522422075,8.261441332288086,4.194904129952192,62,16.05507216975093,10.064808908849956,2024-2025,bundesliga
serge gnabry,Bayern Munich,8.36918669193983,5.2104566488415,7.611410014331341,24,17.931560218334198,8.162198606878519,2024-2025,bundesliga
marius bülter,Hoffenheim,3.648140865378082,3.039690352976322,3.648140865378082,22,7.931092381477356,2.67352965567261,2024-2025,bundesliga
myron boadu,Bochum,8.229468438774347,1.6477082949131727,7.4716917015612125,11,10.03551159799099,1.1547716669738293,2024-2025,bundesliga
jae-sung lee,Mainz 05,6.852779902517796,4.826654347591102,6.852779902517796,34,15.59731212258339,7.906934417784214,2024-2025,bundesliga
karim adeyemi,Borussia Dortmund,5.742135550826788,7.36732954531908,5.742135550826788,29,15.46747213602066,3.5720093846321106,2024-2025,bundesliga
phillip tietz,Augsburg,6.620653829537332,1.4810154465958476,5.862877114675939,21,7.860493987798691,1.4614172922447324,2024-2025,bundesliga
marvin pieringer,FC Heidenheim,9.497590685263276,5.089528257027268,7.224260637536645,31,11.624920902773738,2.838040864095092,2024-2025,bundesliga
andrej ilic,Union Berlin,5.666820885613561,0.3420870099216699,4.909044222906232,6,4.31884459964931,0.4574203137308359,2024-2025,bundesliga
samuel essende,Augsburg,5.770508166402578,1.7677066437900066,5.770508166402578,11,6.685472250916064,1.159614222124219,2024-2025,bundesliga
alexander bernhardsson,Holstein Kiel,3.981335630640388,1.6960009150207045,3.981335630640388,15,7.800582721829414,2.906135031953454,2024-2025,bundesliga
lucas höler,Freiburg,11.579248806461692,3.0513127334415917,10.821472128853202,21,14.530475705862044,2.679054254200309,2024-2025,bundesliga
enzo millot,VfB Stuttgart,8.739531425759196,2.9312736243009567,7.981754807755351,24,15.809536406770349,7.308554684743285,2024-2025,bundesliga
tiago tomás,Wolfsburg,5.56389169767499,2.606959294527769,5.56389169767499,19,9.028159266337752,2.590786171145737,2024-2025,bundesliga
morgan guilavogui,St. Pauli,8.65836637839675,3.0779383797198534,8.65836637839675,27,11.957147855311632,3.651807775720954,2024-2025,bundesliga
marco grüll,Werder Bremen,4.213682193309069,2.065882398746908,4.213682193309069,11,7.891282428056002,2.1898325979709625,2024-2025,bundesliga
mitchell weiser,Werder Bremen,5.540983958169818,6.046214004978538,5.540983958169818,41,18.330695912241936,10.379622384905815,2024-2025,bundesliga
kingsley coman,Bayern Munich,4.042191399261355,4.258397921919823,4.042191399261355,32,12.850466405972838,6.604279920458794,2024-2025,bundesliga
julian brandt,Borussia Dortmund,4.579855159856379,9.031145641580224,4.579855159856379,61,23.14715365692973,13.3252425622195,2024-2025,bundesliga
oliver burke,Werder Bremen,5.17337729409337,1.484443936496973,5.17337729409337,14,7.6511080376803875,1.8381715761497617,2024-2025,bundesliga
willi orban,RasenBallsport Leipzig,5.23684098944068,1.062859384343028,5.23684098944068,8,8.339662676677108,6.81000073812902,2024-2025,bundesliga
lukas kübler,Freiburg,2.8583033233881,0.7445640284568071,2.8583033233881,11,4.521047971211374,3.004688539542258,2024-2025,bundesliga
steven skrzybski,Holstein Kiel,3.263728693127632,3.969407096039504,3.263728693127632,21,9.242973761167375,4.136365515645593,2024-2025,bundesliga
armin gigovic,Holstein Kiel,1.971327550709248,2.4431175496429205,1.971327550709248,15,8.284323370084167,4.726066544651985,2024-2025,bundesliga
romano schmid,Werder Bremen,4.85783976316452,6.564444359391928,4.100063048303127,68,19.91676950454712,13.533827669918535,2024-2025,bundesliga
jeremie frimpong,Bayer Leverkusen,5.46559808216989,4.449963368475437,5.46559808216989,30,14.958293974399568,6.565218105912209,2024-2025,bundesliga
tom bischof,Hoffenheim,2.185795512981713,4.426293452270329,2.185795512981713,49,11.751291548833253,8.606690591201186,2024-2025,bundesliga
rasmus kristensen,Eintracht Frankfurt,3.010503049939871,4.46722864639014,3.010503049939871,20,16.33640332520008,11.128150700591505,2024-2025,bundesliga
mathias honsak,FC Heidenheim,2.7486824057996277,1.1526490207761526,2.7486824057996277,13,3.7166399881243706,1.514211192727089,2024-2025,bundesliga
matús bero,Bochum,5.083340181037784,4.167451893910766,4.325563503429294,51,9.487992012873292,3.92092651501298,2024-2025,bundesliga
leon goretzka,Bayern Munich,3.44148750603199,1.7927624322474005,3.44148750603199,12,14.095879878848791,11.131647668778896,2024-2025,bundesliga
franck honorat,Borussia M.Gladbach,4.034103916957974,6.732902622781694,4.034103916957974,49,10.92656401731074,2.558129455894232,2024-2025,bundesliga
raphael guerreiro,Bayern Munich,2.806145377457142,3.317242281511426,2.806145377457142,27,16.583484891802073,12.02986791357398,2024-2025,bundesliga
robin hack,Borussia M.Gladbach,4.968895967118442,4.546078447252512,4.968895967118442,32,12.376857583411038,5.271136090159416,2024-2025,bundesliga
bote baku,"RasenBallsport Leipzig,Wolfsburg",3.031186076812446,2.8024442084133625,3.031186076812446,27,12.38050562888384,6.962742500938475,2024-2025,bundesliga
ansgar knauff,Eintracht Frankfurt,5.238380121067166,5.401509422808886,5.238380121067166,26,14.122421637177467,4.350837785750628,2024-2025,bundesliga
felix nmecha,Borussia Dortmund,1.0889532221481204,1.5874149296432734,1.0889532221481204,14,8.52881558611989,7.484039213508367,2024-2025,bundesliga
adrian beck,FC Heidenheim,4.206237935461104,1.8471641726791856,4.206237935461104,20,8.869435641914606,4.554916037246585,2024-2025,bundesliga
jan schöppner,FC Heidenheim,3.948262576013804,2.950019802898169,3.948262576013804,24,8.154726142063737,4.036705597303808,2024-2025,bundesliga
gift orban,Hoffenheim,3.277825897559524,0.1476898016408085,3.277825897559524,2,3.272320808842778,1.0017493981868029,2024-2025,bundesliga
can uzun,Eintracht Frankfurt,3.4531076848506927,0.9417958408594131,3.4531076848506927,14,5.415256071835756,2.2100669629871845,2024-2025,bundesliga
maximilian arnold,Wolfsburg,1.1958508677780628,4.061138896271586,1.1958508677780628,45,9.191960662603378,8.58002938516438,2024-2025,bundesliga
jonathan tah,Bayer Leverkusen,1.1589150372892618,0.2743085101246834,1.1589150372892618,4,11.7880025152117,11.424661388620734,2024-2025,bundesliga
joshua kimmich,Bayern Munich,2.185599143616855,11.342593856155872,2.185599143616855,84,31.528940960764885,27.68050304055214,2024-2025,bundesliga
mario götze,Eintracht Frankfurt,2.972162872552872,3.852848513051868,2.972162872552872,35,12.429652636870742,7.472723245620727,2024-2025,bundesliga
emre can,Borussia Dortmund,1.8707446567714212,0.5918053798377514,0.3551912643015384,8,12.573094312101604,12.101288814097645,2024-2025,bundesliga
aleix garcía,Bayer Leverkusen,0.8498970614746213,5.045784663408995,0.8498970614746213,32,6.266460470855236,4.544854115694761,2024-2025,bundesliga
michy batshuayi,Eintracht Frankfurt,1.3108754754066467,0.0360063388943672,1.3108754754066467,1,1.6587602272629738,0.3118784055113792,2024-2025,bundesliga
jacob bruun larsen,"Hoffenheim,VfB Stuttgart",3.3622511457651854,1.9078765753656624,3.3622511457651854,19,6.563112178817391,1.842541504651308,2024-2025,bundesliga
johannes eggestein,St. Pauli,5.848114471882582,2.1683141449466348,4.332561027258635,24,8.224175401031971,2.451903762295842,2024-2025,bundesliga
robin koch,Eintracht Frankfurt,2.037737676873803,0.2323272405192256,2.037737676873803,8,12.173947259783745,11.469248436391354,2024-2025,bundesliga
lukas nmecha,Wolfsburg,4.476938123814762,0.2152470983564853,4.476938123814762,3,5.461467794142664,0.806901890784502,2024-2025,bundesliga
mattias svanberg,Wolfsburg,4.231742708012462,2.277713842689991,4.231742708012462,15,7.183938827365637,4.114412795752287,2024-2025,bundesliga
kevin stöger,Borussia M.Gladbach,4.505672687664628,5.05398212838918,2.990119319409132,52,11.945396466180682,6.950540175661445,2024-2025,bundesliga
woo-yeong jeong,Union Berlin,2.6452455278486013,1.5804441962391138,2.6452455278486013,17,5.976339317858219,2.3333379440009594,2024-2025,bundesliga
keven schlotterbeck,Augsburg,1.058371618390083,0.6174594163894653,1.058371618390083,7,3.063976694829762,2.3811785923317075,2024-2025,bundesliga
julian chabot,VfB Stuttgart,2.8814538531005383,0.8693449972197413,2.8814538531005383,6,13.541587248444555,13.30634319782257,2024-2025,bundesliga
felix agu,Werder Bremen,2.230589810758829,2.077587559819221,2.230589810758829,20,8.308103524148464,4.878118548542261,2024-2025,bundesliga
joakim maehle,Wolfsburg,2.742252243682742,2.2128251316025853,2.742252243682742,20,7.756310272030532,4.024230643175542,2024-2025,bundesliga
patrick wimmer,Wolfsburg,4.326380535960197,3.0010927617549896,4.326380535960197,24,11.253519002348185,6.853250550106168,2024-2025,bundesliga
donyell malen,Borussia Dortmund,3.221788346767425,0.3619210720062256,3.221788346767425,1,5.11583523452282,2.273415695875883,2024-2025,bundesliga
paul wanner,FC Heidenheim,4.244851130992174,1.4708796814084053,3.487074453383684,20,7.205643737688661,3.0005939584225416,2024-2025,bundesliga
tom rothe,Union Berlin,2.0692028012126684,1.5009428430348637,2.0692028012126684,12,5.175764583982527,2.6981976814568043,2024-2025,bundesliga
justin njinmah,Werder Bremen,4.510545656085014,1.7561358297243714,4.510545656085014,12,8.618928104639053,2.53895618673414,2024-2025,bundesliga
ko itakura,Borussia M.Gladbach,1.6429097075015306,1.09031742811203,1.6429097075015306,7,9.607988333329558,8.800086556002498,2024-2025,bundesliga
philipp hofmann,Bochum,4.961120470426977,4.690533764660358,4.961120470426977,27,10.245639266446233,3.2190974690020084,2024-2025,bundesliga
nelson weiper,Mainz 05,4.852328840643168,2.2069317772984505,4.852328840643168,10,7.8193249478936195,0.8903338629752398,2024-2025,bundesliga
hugo larsson,Eintracht Frankfurt,3.057562686502933,1.6888380870223043,3.057562686502933,20,15.637109268456696,12.020821401849387,2024-2025,bundesliga
antonio nusa,RasenBallsport Leipzig,1.925663387402892,3.3718086406588554,1.925663387402892,20,8.197483662515879,4.192342787981033,2024-2025,bundesliga
elias saad,St. Pauli,2.7371819969266653,1.1837855270132422,2.7371819969266653,14,4.010569434612989,0.5438273660838604,2024-2025,bundesliga
oladapo afolayan,St. Pauli,3.067957188934088,3.728218238800764,3.067957188934088,22,8.217836495488882,2.534572133794427,2024-2025,bundesliga
léo scienza,FC Heidenheim,2.2589838448911905,4.22474249266088,2.2589838448911905,34,6.065171904861927,1.7292647268623114,2024-2025,bundesliga
haris tabakovic,Hoffenheim,4.058871641755104,1.7171009220182896,4.058871641755104,9,5.23028976470232,0.5999727938324213,2024-2025,bundesliga
nathaniel brown,Eintracht Frankfurt,2.494919445365668,6.540987821295857,2.494919445365668,39,11.759051386266949,6.8294026125222445,2024-2025,bundesliga
pavel kaderábek,Hoffenheim,0.7855275487527251,1.891483798623085,0.7855275487527251,21,5.957333744503558,3.907287089154124,2024-2025,bundesliga
waldemar anton,Borussia Dortmund,1.876587314531207,1.1188903953880072,1.876587314531207,6,10.76238065958023,9.613812036812304,2024-2025,bundesliga
maximilian eggestein,Freiburg,2.7688491884619,1.511209450662136,2.7688491884619,19,11.366839273832738,8.970980004407465,2024-2025,bundesliga
michael gregoritsch,Freiburg,1.9820730350911615,0.2638327647000551,1.9820730350911615,4,3.5150803942233324,1.6075003519654274,2024-2025,bundesliga
granit xhaka,Bayer Leverkusen,0.8061828929930925,4.030918525531888,0.8061828929930925,50,19.094832016155124,16.296785784885287,2024-2025,bundesliga
leonardo bittencourt,Werder Bremen,1.8689279910176992,1.6297570504248142,1.8689279910176992,14,5.892129752784967,3.599821927025914,2024-2025,bundesliga
dominik kohr,Mainz 05,1.8736225431784987,0.5377052072435617,1.8736225431784987,11,6.41423811390996,5.736911449581385,2024-2025,bundesliga
matthias ginter,Freiburg,4.017321763560176,1.2374000921845436,4.017321763560176,9,9.75523894559592,6.826677386648953,2024-2025,bundesliga
jonas hofmann,Bayer Leverkusen,1.092762865126133,0.4121622052043676,1.092762865126133,7,2.569442719221115,1.2131220642477274,2024-2025,bundesliga
eric dier,Bayern Munich,2.0591224059462547,0.1550221797078848,2.0591224059462547,3,13.936744444072248,13.856435477733612,2024-2025,bundesliga
emiliano buendía,Bayer Leverkusen,0.9033828303217888,1.0546951219439509,0.9033828303217888,6,2.058793142437935,0.9003096520900726,2024-2025,bundesliga
finn porath,Holstein Kiel,2.533776681870222,2.039390686899424,2.533776681870222,22,6.645405821502209,2.6454396676272154,2024-2025,bundesliga
christian günter,Freiburg,1.228508367203176,3.1555529991164804,1.228508367203176,28,6.491897919215262,4.686019014101476,2024-2025,bundesliga
dayotchanculle upamecano,Bayern Munich,1.8763803392648697,0.6674704235047102,1.8763803392648697,7,14.85498770698905,14.567031513899565,2024-2025,bundesliga
yussuf poulsen,RasenBallsport Leipzig,2.7897273637354374,1.045419522561133,2.7897273637354374,7,5.272889630869031,1.4640625081956389,2024-2025,bundesliga
lászló bénes,Union Berlin,1.0959070464596152,0.986007533967495,1.0959070464596152,18,1.4692914932966232,0.6869005393236876,2024-2025,bundesliga
gerrit holtmann,Bochum,1.6647159466519952,2.617210149765014,1.6647159466519952,16,5.927908807992935,2.304628198966384,2024-2025,bundesliga
martin terrier,Bayer Leverkusen,2.442089222371578,1.2627908363938332,2.442089222371578,8,4.382547497749329,1.971374560147524,2024-2025,bundesliga
konrad laimer,Bayern Munich,2.626265462487936,2.5402991846203804,2.626265462487936,20,17.9094100818038,14.8556854929775,2024-2025,bundesliga
andré silva,"RasenBallsport Leipzig,Werder Bremen",3.759849816560745,1.1069494001567364,1.48651984333992,8,3.7941148430109024,1.4417242109775543,2024-2025,bundesliga
jann-fiete arp,Holstein Kiel,3.480781491845846,0.9195221839472651,1.9652281366288664,11,3.7546131182461977,1.478485932573676,2024-2025,bundesliga
niklas dorsch,"Augsburg,FC Heidenheim",1.0962662072852254,1.131101816892624,1.0962662072852254,13,3.0800743214786053,1.3530444698408246,2024-2025,bundesliga
chris führich,VfB Stuttgart,3.4481728821992874,5.244775582104921,3.4481728821992874,33,16.97763792797923,11.23559838347137,2024-2025,bundesliga
ibrahima sissoko,Bochum,1.427550146356225,1.5377441756427288,1.427550146356225,26,8.396646555513144,6.192057816311717,2024-2025,bundesliga
christoph baumgartner,RasenBallsport Leipzig,5.163317382335663,1.768806456588209,5.163317382335663,20,7.871452065184712,3.339525116607547,2024-2025,bundesliga
tuta,Eintracht Frankfurt,1.848554100841284,0.4717372804880142,1.848554100841284,5,9.006036313250661,8.54725087992847,2024-2025,bundesliga
nathan n&#039;goumou minpol,Borussia M.Gladbach,2.5623942613601685,1.1307573225349188,2.5623942613601685,6,4.51104448735714,1.171338889747858,2024-2025,bundesliga
sebastiaan bornauw,Wolfsburg,1.7804388739168644,0.7998678088188171,1.7804388739168644,1,1.1846494562923908,1.10103964433074,2024-2025,bundesliga
robert skov,Union Berlin,1.7968645300716162,2.9618297405540943,1.0390878673642874,19,3.0182035099714994,1.3240411318838596,2024-2025,bundesliga
robert andrich,Bayer Leverkusen,1.740671368315816,0.4994040429592132,1.740671368315816,9,8.978159502148628,8.24872002005577,2024-2025,bundesliga
denis vavro,Wolfsburg,1.5691240392625332,0.1929797548800707,1.5691240392625332,8,8.006442196667194,7.743786200881004,2024-2025,bundesliga
julian ryerson,Borussia Dortmund,0.8117543049156666,5.152861568145454,0.8117543049156666,35,13.50790622830391,11.14336271584034,2024-2025,bundesliga
giovanni reyna,Borussia Dortmund,0.1583574116230011,0.4603080227971077,0.1583574116230011,2,1.2083663679659369,0.6903843618929386,2024-2025,bundesliga
amine adli,Bayer Leverkusen,2.80952712148428,0.917626392096281,2.80952712148428,10,5.38531244546175,2.3757032565772533,2024-2025,bundesliga
el bilal touré,VfB Stuttgart,1.5996956340968609,1.221990479156375,1.5996956340968609,7,3.4262010231614117,0.900679936632514,2024-2025,bundesliga
nathan tella,Bayer Leverkusen,3.3967102095484734,1.3434475176036358,3.3967102095484734,18,6.290043022483587,2.031696029007435,2024-2025,bundesliga
carlo boukhalfa,St. Pauli,2.420892712660134,1.8025974249467251,2.420892712660134,11,6.430872698314488,4.595581805333495,2024-2025,bundesliga
rocco reitz,Borussia M.Gladbach,1.959852170199156,2.19960018992424,1.959852170199156,16,9.072347270324826,6.828269526362419,2024-2025,bundesliga
atakan karazor,VfB Stuttgart,2.637512478977442,2.457861628383398,2.637512478977442,15,15.256661543622611,13.521607171744108,2024-2025,bundesliga
kiliann sildillia,Freiburg,0.7514637820422649,1.0808508545160294,0.7514637820422649,6,3.192236214876175,2.1987045630812645,2024-2025,bundesliga
armindo sieb,Mainz 05,2.6843516025692225,1.592657197266817,2.6843516025692225,9,5.169475324451923,2.232672449201345,2024-2025,bundesliga
jamie leweling,VfB Stuttgart,2.331845246255398,4.925153277814388,2.331845246255398,24,9.747993640601637,4.5908546801656485,2024-2025,bundesliga
piero hincapié,Bayer Leverkusen,3.520486763678491,3.105824388563633,3.520486763678491,16,9.154974464327095,7.814650284126401,2024-2025,bundesliga
lovro majer,Wolfsburg,1.4159954469650984,1.4358294662088156,0.6582187097519636,8,2.7713141962885857,1.588914230465889,2024-2025,bundesliga
jean négoce,Eintracht Frankfurt,1.783165434375405,2.161955703049898,1.783165434375405,17,6.341303326189518,3.456062637269497,2024-2025,bundesliga
kim min-jae,Bayern Munich,2.057914473116398,0.2642551548779011,2.057914473116398,6,18.283761721104383,18.164988350123167,2024-2025,bundesliga
keke maximilian topp,Werder Bremen,1.0255268886685371,2.323020476847887,1.0255268886685371,10,3.6001669205725197,0.8607565239071846,2024-2025,bundesliga
mert kömür,Augsburg,1.2769564669579268,1.6666105622425675,1.2769564669579268,13,1.704361530020833,0.2651289878413081,2024-2025,bundesliga
tomás cvancara,Borussia M.Gladbach,4.362291850149632,0.7786419615149498,4.362291850149632,6,5.480261135846376,1.0503884851932526,2024-2025,bundesliga
maximilian breunig,FC Heidenheim,3.002769211307168,0.1914702635258436,2.244992533698678,4,2.735860446467996,0.3419247008860111,2024-2025,bundesliga
álex grimaldo,Bayer Leverkusen,3.139213948510587,8.451544346287847,3.139213948510587,74,13.696474827826025,8.669026328250766,2024-2025,bundesliga
junior adamu,Freiburg,6.322013634257019,2.053700706921518,6.322013634257019,17,8.28467621654272,0.9772418979555368,2024-2025,bundesliga
leopold querfeld,Union Berlin,1.1735255559906363,1.2863922994583843,1.1735255559906363,10,2.1833029007539158,1.5961796352639794,2024-2025,bundesliga
lasse rosenboom,Holstein Kiel,2.527016533538699,1.2265555588528514,2.527016533538699,14,6.791664517484605,3.046963484026492,2024-2025,bundesliga
manolis saliakas,St. Pauli,1.4435952631756663,2.733168365433812,1.4435952631756663,26,8.117746539413929,5.545812098309398,2024-2025,bundesliga
danel sinani,St. Pauli,1.9044134840369225,3.201399885118008,1.9044134840369225,24,5.472688834182918,3.217567342333496,2024-2025,bundesliga
luca kerber,FC Heidenheim,1.1627484848722816,0.8404353633522987,1.1627484848722816,6,2.5061813443899155,0.9628312960267068,2024-2025,bundesliga
dani de wit,Bochum,2.9426726028323174,0.4057057108730078,2.9426726028323174,9,4.026078104972839,1.7941139079630375,2024-2025,bundesliga
derrick köhn,Werder Bremen,1.037180721759796,1.9997920859605076,1.037180721759796,17,6.99837414175272,4.82307169213891,2024-2025,bundesliga
johan manzambi,Freiburg,1.9394828099757435,0.3676939085125923,1.9394828099757435,3,2.950437899678945,0.7735037058591843,2024-2025,bundesliga
budu zivzivadze,FC Heidenheim,1.8620241470634935,2.291006725281477,1.8620241470634935,13,4.867508262395859,1.6242151632905006,2024-2025,bundesliga
giorgos masouras,Bochum,4.799098733812571,1.1169241517782211,4.799098733812571,7,7.32676961645484,1.6001515593379736,2024-2025,bundesliga
kevin vogt,Union Berlin,0.75777667760849,0.0446771997958421,0.0,2,3.764570463448763,3.719893265515566,2024-2025,bundesliga
yannick gerhardt,Wolfsburg,1.4532910119742155,0.9091332638636233,1.4532910119742155,5,6.618672305718064,5.830893058329821,2024-2025,bundesliga
kevin kampl,RasenBallsport Leipzig,0.8466038163751364,1.485494876280427,0.8466038163751364,15,8.709301918745041,8.061680361628532,2024-2025,bundesliga
mahmoud dahoud,Eintracht Frankfurt,0.7417247332632542,0.7501890975981951,0.7417247332632542,8,3.2389635890722275,2.9234367683529854,2024-2025,bundesliga
nico elvedi,Borussia M.Gladbach,1.8375461101531985,0.2373782098293304,1.8375461101531985,4,6.504913438111544,6.397165346890688,2024-2025,bundesliga
thomas müller,Bayern Munich,4.421979056671262,4.09389933757484,4.421979056671262,35,13.633560847491026,7.82218885794282,2024-2025,bundesliga
maximilian mittelstädt,VfB Stuttgart,1.0721671869978309,5.543677728623152,1.0721671869978309,46,17.572674959897995,15.34994976595044,2024-2025,bundesliga
cristian gamboa,Bochum,0.3206220706924796,0.2358151003718376,0.3206220706924796,3,1.1285209581255913,0.5833059623837471,2024-2025,bundesliga
philipp lienhart,Freiburg,0.9363047620281576,0.6041158917360008,0.9363047620281576,6,10.226965971291063,9.211888525635004,2024-2025,bundesliga
felix passlack,Bochum,1.1471417490392923,3.757785826921463,1.1471417490392923,24,7.7228672206401825,4.872329683974385,2024-2025,bundesliga
jeffrey gouweleeuw,Augsburg,1.7506763683632016,2.641270950436592,0.9928996907547116,13,7.547286327928305,6.413223074749112,2024-2025,bundesliga
marius wolf,Augsburg,0.7761038243770599,3.165601091459393,0.7761038243770599,44,5.200451772660017,3.870687685906887,2024-2025,bundesliga
ellyes skhiri,Eintracht Frankfurt,1.5609660241752863,1.980588203296065,1.5609660241752863,21,15.424042753875256,14.27434642612934,2024-2025,bundesliga
ramy bensebaini,Borussia Dortmund,1.4501842698082328,3.950700536370277,1.4501842698082328,15,15.718302631750705,12.62585210427642,2024-2025,bundesliga
steve mounie,Augsburg,3.968957144767046,0.0555006191134452,3.968957144767046,2,4.06906108558178,0.3826819453388452,2024-2025,bundesliga
marcel sabitzer,Borussia Dortmund,2.2293640561401844,1.5033905114978552,2.2293640561401844,11,11.464248105883598,8.460188139230013,2024-2025,bundesliga
rani khedira,Union Berlin,1.349864898249507,1.164187591522932,1.349864898249507,12,5.2213902566581964,3.95057432539761,2024-2025,bundesliga
lukas klostermann,RasenBallsport Leipzig,0.4720908403396606,0.0794194061309099,0.4720908403396606,2,3.890428561717272,3.735141519457102,2024-2025,bundesliga
nordi mukiele,Bayer Leverkusen,1.454731559380889,1.2510683620348573,1.454731559380889,9,4.161717852577567,4.021595353260636,2024-2025,bundesliga
anthony caci,Mainz 05,3.659547857940197,5.763529303483665,3.659547857940197,49,16.445022966712713,9.478123030625284,2024-2025,bundesliga
elvis rexhbecaj,Augsburg,1.5866161594167352,1.1454962734133003,1.5866161594167352,16,6.0185795752331614,4.521676512435079,2024-2025,bundesliga
joshua vagnoman,VfB Stuttgart,1.6710744313895702,2.32663943618536,1.6710744313895702,22,9.857273247092962,6.737412739545107,2024-2025,bundesliga
patrick erras,Holstein Kiel,0.8299225848168135,0.1344274310395121,0.8299225848168135,3,1.5495971492491665,1.4027598309330642,2024-2025,bundesliga
philipp mwene,Mainz 05,2.102614933624864,2.5596299320459366,2.102614933624864,22,11.225126663222907,7.020457083359361,2024-2025,bundesliga
alphonso davies,Bayern Munich,1.8767102975398304,1.8741600718349216,1.8767102975398304,27,14.86158774420619,11.854159470647572,2024-2025,bundesliga
andras schafer,Union Berlin,0.6617573574185371,1.2446431815624237,0.6617573574185371,9,3.4801805214956403,1.9088122537359595,2024-2025,bundesliga
valentin gendrey,Hoffenheim,1.3450058652088046,1.508913578465581,1.3450058652088046,17,5.801661241799593,4.248115473426879,2024-2025,bundesliga
stefan lainer,Borussia M.Gladbach,0.5535152684897184,0.7025620490312576,0.5535152684897184,9,2.882321199402213,1.7727866303175688,2024-2025,bundesliga
andreas skov olsen,Wolfsburg,0.8644867595285177,2.5118116699159145,0.8644867595285177,18,3.366842344403267,1.5164300370961428,2024-2025,bundesliga
exequiel palacios,Bayer Leverkusen,1.3166885189712048,2.3877435363829136,1.3166885189712048,28,7.412650372833013,4.945953451097012,2024-2025,bundesliga
chrislain matsima,Augsburg,2.015692732296884,0.4893283359706402,2.015692732296884,5,6.323857476934791,5.048382254317403,2024-2025,bundesliga
max geschwill,Holstein Kiel,1.0482556112110617,1.0478054778650403,1.0482556112110617,11,2.258733464870602,1.999415363650769,2024-2025,bundesliga
carney chukwuemeka,Borussia Dortmund,0.8316291533410549,0.6901883706450462,0.8316291533410549,7,4.0000030770897865,2.8219908848404884,2024-2025,bundesliga
maxim leitsch,Mainz 05,1.1409423695877194,0.1208632178604602,1.1409423695877194,2,1.433543872088194,0.9806566014885902,2024-2025,bundesliga
erhan masovic,Bochum,0.8710909560322762,0.5909091420471668,0.8710909560322762,3,2.060800328850746,1.9151384383440015,2024-2025,bundesliga
patrick osterhage,Freiburg,1.7293015737086537,2.2099559139460325,1.7293015737086537,17,10.987612433731556,7.910030540078878,2024-2025,bundesliga
kevin behrens,Wolfsburg,2.0381569489836693,0.1441530250012874,2.0381569489836693,2,2.8833060897886758,0.7598720453679562,2024-2025,bundesliga
hiroki ito,Bayern Munich,0.1366585493087768,0.592143252491951,0.1366585493087768,3,2.6330008897930384,2.040857682004571,2024-2025,bundesliga
david raum,RasenBallsport Leipzig,0.7967910505831242,6.467654440551996,0.7967910505831242,48,9.72035357542336,5.830390091985464,2024-2025,bundesliga
angelo stiller,VfB Stuttgart,2.0366965932771564,7.884617529809475,2.0366965932771564,57,20.341689500957727,15.394947450608017,2024-2025,bundesliga
noah weißhaupt,"Freiburg,St. Pauli",2.1425918731838465,1.9687555506825447,2.1425918731838465,18,4.368012815713882,1.434202004224062,2024-2025,bundesliga
dimitris giannoulis,Augsburg,1.8126734774559736,5.503238350152969,1.8126734774559736,43,11.6018926538527,6.999567776918411,2024-2025,bundesliga
anton stach,Hoffenheim,2.1430076980032027,2.560371373780072,2.1430076980032027,27,12.809256525710223,10.120860667899253,2024-2025,bundesliga
diogo leite,Union Berlin,1.8135780673474076,1.5577390175312755,1.8135780673474076,14,4.588494240306318,4.142583115957677,2024-2025,bundesliga
danilho doekhi,Union Berlin,3.0633004140108824,1.9867287343367932,3.0633004140108824,12,5.202799412421882,3.052881366573274,2024-2025,bundesliga
anthony rouault,VfB Stuttgart,0.3848630059510469,0.2562181651592254,0.3848630059510469,5,5.836662899702787,5.68607796356082,2024-2025,bundesliga
farès chaïbi,Eintracht Frankfurt,3.02254181355238,2.600599684752524,3.02254181355238,24,10.668474096804855,6.37330824136734,2024-2025,bundesliga
kilian fischer,Wolfsburg,0.3048850502818823,0.5165639873594046,0.3048850502818823,12,5.465556034818292,5.066874543204904,2024-2025,bundesliga
fabio chiarodia,Borussia M.Gladbach,0.4547141566872597,0.3711296916007995,0.4547141566872597,1,1.9859834536910057,1.614853762090206,2024-2025,bundesliga
mërgim berisha,"Augsburg,Hoffenheim",1.443163190037012,1.2332775294780731,1.443163190037012,3,2.69046850502491,0.6118183359503746,2024-2025,bundesliga
aljoscha kemlein,Union Berlin,1.1507091633975506,0.8132021389901638,1.1507091633975506,10,3.812397550791502,2.0459428429603577,2024-2025,bundesliga
andreas hanche-olsen,Mainz 05,0.8521471414715052,0.4392244853079319,0.8521471414715052,3,2.497096419334412,1.91892034560442,2024-2025,bundesliga
justin diehl,VfB Stuttgart,0.8649402894079685,0.119648702442646,0.8649402894079685,1,1.1548970267176628,0.1703079938888549,2024-2025,bundesliga
moritz broschinski,Bochum,4.342191630974412,2.26239719055593,4.342191630974412,11,8.05997022241354,1.6537080090492964,2024-2025,bundesliga
aleksandar pavlovic,Bayern Munich,0.6988183669745922,0.249738996848464,0.6988183669745922,7,13.761382356286047,13.515540704131126,2024-2025,bundesliga
siebe van der heyden,St. Pauli,1.2505954056978226,0.0370820090174675,1.2505954056978226,2,1.7203670255839825,1.7009914629161358,2024-2025,bundesliga
frans krätzig,"FC Heidenheim,VfB Stuttgart",1.0113870231434705,1.6893468517810106,1.0113870231434705,26,3.21835320815444,1.7027722410857675,2024-2025,bundesliga
lukas daschner,Bochum,3.0358031559735537,1.2736287526786327,2.278026418760419,6,4.164898052811623,1.2878952492028477,2024-2025,bundesliga
patrick mainka,FC Heidenheim,2.315811117179692,0.6790747931227088,2.315811117179692,7,4.503965882584453,4.334571026265621,2024-2025,bundesliga
leonidas stergiou,VfB Stuttgart,0.8773484081029892,0.6330368714407086,0.8773484081029892,4,4.860380470752716,3.941569127142429,2024-2025,bundesliga
lukas ullrich,Borussia M.Gladbach,1.2157446863129735,1.7085003964602947,1.2157446863129735,8,5.3729419857263565,4.036795541644096,2024-2025,bundesliga
fabian rieder,VfB Stuttgart,1.4751421865075829,2.142737478017807,1.4751421865075829,12,6.1427635587751865,3.629049882292748,2024-2025,bundesliga
julián malatini,Werder Bremen,0.3170763403177261,0.2834270484745502,0.3170763403177261,2,1.85516769438982,1.5717406421899796,2024-2025,bundesliga
shio fukuda,Borussia M.Gladbach,0.3086897358298301,0.0,0.3086897358298301,0,0.3698602840304374,0.0611705482006073,2024-2025,bundesliga
yorbe vertessen,Union Berlin,1.427236683666706,1.9219457749277356,1.427236683666706,15,3.096983138471842,1.279122594743967,2024-2025,bundesliga
nnamdi collins,Eintracht Frankfurt,1.088654726743698,0.9670564010739326,1.088654726743698,2,6.908555801957846,6.240201342850924,2024-2025,bundesliga
max rosenfelder,Freiburg,0.3297978863120079,1.4052141569554806,0.3297978863120079,6,5.433676760643721,4.622095491737127,2024-2025,bundesliga
philipp sander,Borussia M.Gladbach,1.2556910952553153,0.7185362754389644,1.2556910952553153,13,7.633903082460165,6.519067211076617,2024-2025,bundesliga
yusuf kabadayi,Augsburg,0.5747077241539955,0.0284573081880807,0.5747077241539955,1,0.7583714574575424,0.1768133267760276,2024-2025,bundesliga
benedikt pichler,Holstein Kiel,2.162652373313904,1.2777384547516704,2.162652373313904,11,4.0694943331182,1.8049968853592877,2024-2025,bundesliga
andu kelati,Holstein Kiel,0.6129183657467365,0.5438901539891958,0.6129183657467365,4,1.9339057132601736,0.8036305010318756,2024-2025,bundesliga
jakov medic,Bochum,1.0344128273427486,0.1414000671356916,1.0344128273427486,3,1.4296539649367332,1.1018930319696665,2024-2025,bundesliga
oscar højlund,Eintracht Frankfurt,1.0715759545564651,0.9632676243782043,1.0715759545564651,6,4.587974041700363,2.675981115549803,2024-2025,bundesliga
igor matanovic,Eintracht Frankfurt,0.807957723736763,0.0443547256290912,0.807957723736763,1,2.077039336785674,1.5361630078405142,2024-2025,bundesliga
bence dárdai,Wolfsburg,1.1589803658425808,1.495081041008234,1.1589803658425808,11,3.533677311614156,1.5043751318007708,2024-2025,bundesliga
eric smith,St. Pauli,1.7202240666374564,1.6359744193032384,1.7202240666374564,27,6.848655146546662,6.433330034837127,2024-2025,bundesliga
lars ritzka,St. Pauli,0.2573535982519388,0.2301499405875802,0.2573535982519388,5,1.758440488949418,1.3678814256563785,2024-2025,bundesliga
sirlord conteh,FC Heidenheim,1.7346754455938935,2.268422743305564,1.7346754455938935,14,5.426970985718072,2.81193482875824,2024-2025,bundesliga
andreas albers,St. Pauli,0.6953884139657021,0.0627559330314397,0.6953884139657021,2,0.7405319102108479,0.0,2024-2025,bundesliga
lutsharel geertruida,RasenBallsport Leipzig,1.2319737458601594,0.5369388461112976,1.2319737458601594,8,5.479023423045874,4.789323031902313,2024-2025,bundesliga
koji miyoshi,Bochum,1.0769440354779365,0.5365228019654751,1.0769440354779365,5,2.3123103911057115,0.798455186188221,2024-2025,bundesliga
arthur chaves,Hoffenheim,1.2545673847198486,0.0871454384177923,1.2545673847198486,4,5.241471809335053,5.125267985276878,2024-2025,bundesliga
david zec,Holstein Kiel,0.5786341531202197,0.3314972016960382,0.5786341531202197,7,5.395797312259674,5.081696808338165,2024-2025,bundesliga
daniel svensson,Borussia Dortmund,0.7713542226701975,1.298804713413119,0.7713542226701975,10,4.125608330592513,2.8866437766700983,2024-2025,bundesliga
marin ljubicic,Union Berlin,0.4213086869567632,0.5501003861427307,0.4213086869567632,2,1.0941104348748922,0.5515302568674088,2024-2025,bundesliga
stefan bell,Mainz 05,0.6750276274979115,0.9674937445670366,0.6750276274979115,5,4.1671492997556925,2.974885992705822,2024-2025,bundesliga
oliver baumann,Hoffenheim,0.0,0.373891819268465,0.0,3,4.958701001480222,4.584809148684144,2024-2025,bundesliga
niklas süle,Borussia Dortmund,0.4490190055221319,0.0748348962515592,0.4490190055221319,3,5.4073261972516775,5.169980091974139,2024-2025,bundesliga
kevin volland,Union Berlin,0.0,0.0910099819302558,0.0,1,0.1601099446415901,0.0690999627113342,2024-2025,bundesliga
florian grillitsch,Hoffenheim,0.1840701391920447,0.209600661881268,0.1840701391920447,5,2.962419413030148,2.773977260105312,2024-2025,bundesliga
michael zetterer,Werder Bremen,0.0,0.0,0.0,0,4.1273373067379,4.1273373067379,2024-2025,bundesliga
timo horn,Bochum,0.0,0.0,0.0,0,0.2365495096892118,0.2365495096892118,2024-2025,bundesliga
lewis holtby,Holstein Kiel,0.8447289383038878,2.0110023748129606,0.8447289383038878,20,6.485551903955638,5.228207517415285,2024-2025,bundesliga
marvin schulz,Holstein Kiel,0.065550822764635,0.3836157452315092,0.065550822764635,3,1.3431706633418798,1.0028056968003511,2024-2025,bundesliga
tobias sippel,Borussia M.Gladbach,0.0,0.0,0.0,0,0.0,0.0,2024-2025,bundesliga
manuel neuer,Bayern Munich,0.0,0.2637988328933716,0.0,1,9.986891658976674,9.723092826083302,2024-2025,bundesliga
sven ulreich,Bayern Munich,0.0,0.0,0.0,0,0.169789433479309,0.169789433479309,2024-2025,bundesliga
pascal groß,Borussia Dortmund,3.2006931081414223,6.288426307961345,3.2006931081414223,54,19.634757071733475,13.901075672358274,2024-2025,bundesliga
danny da costa,Mainz 05,0.0709243584424257,0.7302904175594449,0.0709243584424257,10,5.446860525757074,4.76142206043005,2024-2025,bundesliga
lukas hradecky,Bayer Leverkusen,0.0,0.0,0.0,0,3.997700033709407,3.997700033709407,2024-2025,bundesliga
pascal stenzel,VfB Stuttgart,0.3691052198410034,0.5108424127101898,0.3691052198410034,5,1.4098423421382904,1.0407370831817389,2024-2025,bundesliga
timothy chandler,Eintracht Frankfurt,0.0,0.0,0.0,0,0.0,0.0,2024-2025,bundesliga
marvin friedrich,Borussia M.Gladbach,0.6226540505886078,0.9996218532323836,0.6226540505886078,3,1.5706435833126309,1.5375030878931284,2024-2025,bundesliga
julian weigl,Borussia M.Gladbach,0.6710613574832678,1.152547612786293,0.6710613574832678,12,11.702455198392272,10.190631384029984,2024-2025,bundesliga
niklas stark,Werder Bremen,1.3413271456956863,0.1055416613817215,1.3413271456956863,1,4.811165703460574,4.762159641832113,2024-2025,bundesliga
benjamin henrichs,RasenBallsport Leipzig,0.4051845697686076,2.330516051501036,0.4051845697686076,11,3.140897784382105,2.718977116048336,2024-2025,bundesliga
robin zentner,Mainz 05,0.0116955796256661,0.1647935397922992,0.0116955796256661,3,3.324330685660243,3.159537145867944,2024-2025,bundesliga
silvan widmer,Mainz 05,0.6609293781220913,0.3436503168195486,0.6609293781220913,2,2.9280831664800644,1.9561732914298773,2024-2025,bundesliga
roland sallai,Freiburg,0.175414246506989,0.0436718240380287,0.175414246506989,1,0.175414246506989,0.0,2024-2025,bundesliga
karim onisiwo,Mainz 05,0.1030287221074104,0.3602398335933685,0.1030287221074104,1,0.4862838983535766,0.3959583044052124,2024-2025,bundesliga
alexander nübel,VfB Stuttgart,0.0,0.2302871420979499,0.0,3,11.132628194987774,10.902341041713951,2024-2025,bundesliga
milos veljkovic,Werder Bremen,0.9244216084480286,0.2692924961447716,0.9244216084480286,3,5.5727716609835625,5.356455586850643,2024-2025,bundesliga
kevin trapp,Eintracht Frankfurt,0.0,0.0,0.0,0,2.52313500829041,2.52313500829041,2024-2025,bundesliga
jérôme roussillon,Union Berlin,0.0786420237272977,0.0,0.0786420237272977,0,0.1560756862163543,0.1008054614067077,2024-2025,bundesliga
jordan siebatcheu,Union Berlin,4.464340187609196,0.9026430007070304,4.464340187609196,14,3.3882756140083075,0.6213688850402832,2024-2025,bundesliga
lucas tousart,Union Berlin,0.3679580669850111,0.7085067741572857,0.3679580669850111,3,1.352454800158739,0.3966208547353744,2024-2025,bundesliga
ivan prtajin,Union Berlin,1.1783978072926402,0.0537815019488334,1.1783978072926402,1,1.2372317984700203,0.057400831952691,2024-2025,bundesliga
maximilian philipp,Freiburg,0.0238216817378997,0.0,0.0238216817378997,0,0.0238216817378997,0.0,2024-2025,bundesliga
nicolas höfler,Freiburg,0.4089398439973593,0.0683389194309711,0.4089398439973593,3,3.0780349439010024,2.993869721889496,2024-2025,bundesliga
janik haberer,Union Berlin,0.579868745058775,0.9658870846033096,0.579868745058775,7,3.881269328296185,3.2138795107603078,2024-2025,bundesliga
patrick drewes,Bochum,0.0,0.0,0.0,0,1.7322410512715578,1.7322410512715578,2024-2025,bundesliga
marnon busch,FC Heidenheim,0.3568432293832302,0.9347950499504804,0.3568432293832302,11,4.377666752785444,3.589123450219631,2024-2025,bundesliga
grischa prömel,Hoffenheim,0.0,0.0,0.0,0,1.2591561898589134,1.2591561898589134,2024-2025,bundesliga
anthony jung,Werder Bremen,0.0232361778616905,0.1124214623123407,0.0232361778616905,2,6.208588877692819,6.163195053115487,2024-2025,bundesliga
aymen barkok,Mainz 05,0.0,0.0507688336074352,0.0,1,0.0507688336074352,0.0,2024-2025,bundesliga
péter gulácsi,RasenBallsport Leipzig,0.0,0.0,0.0,0,2.389899790287018,2.389899790287018,2024-2025,bundesliga
bernardo,Bochum,0.3816599696874618,0.296815812587738,0.3816599696874618,4,2.9829296581447124,2.4946550503373146,2024-2025,bundesliga
alexander schwolow,Union Berlin,0.0,0.0,0.0,0,0.076565034687519,0.076565034687519,2024-2025,bundesliga
marius müller,Wolfsburg,0.0,0.0,0.0,0,0.3266148399561643,0.3266148399561643,2024-2025,bundesliga
gregor kobel,Borussia Dortmund,0.0,0.0159477367997169,0.0,1,5.608352277427912,5.592404540628195,2024-2025,bundesliga
salih özcan,"Borussia Dortmund,Wolfsburg",0.2836851240135729,0.9563110340386628,0.2836851240135729,10,3.969199223909527,3.699394006282091,2024-2025,bundesliga
arne maier,Augsburg,1.161029061302543,1.7768127704039216,1.161029061302543,22,3.862046368420124,2.7504778215661645,2024-2025,bundesliga
florian müller,Freiburg,0.0,0.0,0.0,0,1.2119324207305908,1.2119324207305908,2024-2025,bundesliga
marco friedl,Werder Bremen,0.6404807511717081,0.2139342464506626,0.6404807511717081,3,6.594071260653436,6.437075666151941,2024-2025,bundesliga
hauke wahl,St. Pauli,1.120411867275834,0.5894053112715483,1.120411867275834,9,5.961080563254654,5.807068501599133,2024-2025,bundesliga
jonas föhrenbach,FC Heidenheim,0.3573669847100973,0.7717274213209748,0.3573669847100973,14,2.742827208712697,1.9260040409862995,2024-2025,bundesliga
arnaud nordin,Mainz 05,0.0278047807514667,0.2407453190535307,0.0278047807514667,3,0.323957372456789,0.1898436099290847,2024-2025,bundesliga
dennis geiger,Hoffenheim,0.1840752027928829,0.6193569414317608,0.1840752027928829,11,2.4885332137346268,1.987090083770454,2024-2025,bundesliga
dan-axel zagadou,VfB Stuttgart,0.0,0.0,0.0,0,0.0,0.0,2024-2025,bundesliga
mario hermoso,Bayer Leverkusen,0.2317601852118969,0.0898565053939819,0.2317601852118969,1,1.5697592496871948,1.4799027740955353,2024-2025,bundesliga
robin gosens,Union Berlin,0.0238371808081865,0.0,0.0238371808081865,0,0.097538448870182,0.0737012699246406,2024-2025,bundesliga
ihlas bebou,Hoffenheim,0.0,0.0,0.0,0,0.0144819505512714,0.0144819505512714,2024-2025,bundesliga
alexander meyer,Borussia Dortmund,0.0,0.088520348072052,0.0,1,0.088520348072052,0.0,2024-2025,bundesliga
moritz nicolas,Borussia M.Gladbach,0.0,0.0,0.0,0,3.522726606577635,3.522726606577635,2024-2025,bundesliga
kevin akpoguma,Hoffenheim,0.1071487292647361,0.5916964765638113,0.1071487292647361,8,5.370522538200021,4.812750459648669,2024-2025,bundesliga
nikolas nartey,VfB Stuttgart,0.0,0.0,0.0,0,0.6144895553588867,0.6144895553588867,2024-2025,bundesliga
stanley n&#039;soki,Hoffenheim,0.3024498168379068,0.2699040155857801,0.3024498168379068,7,3.134980568662286,3.043854558840394,2024-2025,bundesliga
finn dahmen,Augsburg,0.0,0.0,0.0,0,2.074063473381102,2.074063473381102,2024-2025,bundesliga
frederik rönnow,Union Berlin,0.1273142397403717,0.0,0.1273142397403717,0,1.9204023405909536,1.9204023405909536,2024-2025,bundesliga
florian neuhaus,Borussia M.Gladbach,0.5376568976789713,0.6716734915971756,0.5376568976789713,6,2.2969058882445097,1.6781606432050469,2024-2025,bundesliga
florent muslija,Freiburg,0.2235105335712433,0.6100863814353943,0.2235105335712433,3,1.0303145237267015,0.2607209533452987,2024-2025,bundesliga
fredrik jensen,Augsburg,0.8585721682757139,0.7730063246563077,0.8585721682757139,11,1.7357341358438134,0.3646342735737562,2024-2025,bundesliga
amos pieper,Werder Bremen,0.6369104459881783,0.3163368552923202,0.6369104459881783,4,3.343800563365221,3.0488044656813145,2024-2025,bundesliga
nico schlotterbeck,Borussia Dortmund,1.8403304610401392,1.8254380747675896,1.8403304610401392,18,12.77948224171996,11.889226108789444,2024-2025,bundesliga
amadou haidara,RasenBallsport Leipzig,1.6384502304717898,0.928176186978817,1.6384502304717898,5,6.831356715410948,5.516967276111245,2024-2025,bundesliga
sacha boey,Bayern Munich,0.1607282981276512,1.2694266606122255,0.1607282981276512,3,4.779234483838081,4.618506237864494,2024-2025,bundesliga
mohamed simakan,RasenBallsport Leipzig,0.0,0.1261313706636428,0.0,3,0.0590156428515911,0.0,2024-2025,bundesliga
eric junior dina ebimbe,Eintracht Frankfurt,0.8198971599340439,1.007884681224823,0.8198971599340439,2,1.8984323032200336,0.6959547400474548,2024-2025,bundesliga
ivan ordets,Bochum,0.5389353558421135,0.3113795258104801,0.5389353558421135,6,3.063186014071107,2.984922545030713,2024-2025,bundesliga
xaver schlager,RasenBallsport Leipzig,0.0509397462010383,0.4579550623893738,0.0509397462010383,1,1.0786748602986336,0.5697800517082214,2024-2025,bundesliga
mads pedersen,Augsburg,0.09810471534729,0.0,0.09810471534729,0,0.396162886172533,0.396162886172533,2024-2025,bundesliga
ruben vargas,Augsburg,0.7717711664736271,0.6732491254806519,0.7717711664736271,6,1.226028148084879,0.3455165773630142,2024-2025,bundesliga
diadie samassékou,Hoffenheim,0.0558178666979074,0.0,0.0558178666979074,0,0.719230005517602,0.7018279228359461,2024-2025,bundesliga
christopher trimmel,Union Berlin,0.2142976783215999,2.457096786238253,0.2142976783215999,35,2.9533445546403527,2.432303099893033,2024-2025,bundesliga
eljif elmas,RasenBallsport Leipzig,0.0592064037919044,0.0,0.0592064037919044,0,0.0592064037919044,0.0592064037919044,2024-2025,bundesliga
tom krauß,Bochum,0.3642132692039013,0.8930504964664578,0.3642132692039013,12,3.5684762112796307,2.6481395289301872,2024-2025,bundesliga
niels nkounkou,Eintracht Frankfurt,0.4677810948342085,1.2774152494966984,0.4677810948342085,9,2.973861999809742,1.4079697281122208,2024-2025,bundesliga
ayman azhil,Borussia Dortmund,0.0,0.0,0.0,0,0.0,0.0,2024-2025,bundesliga
timo becker,Holstein Kiel,1.368520430289209,1.3467865586280825,1.368520430289209,6,6.963066864293069,5.533045881893486,2024-2025,bundesliga
yannik keitel,VfB Stuttgart,0.6678604111075401,0.0496810749173164,0.6678604111075401,1,2.485224075615406,2.341953434050083,2024-2025,bundesliga
edmond tapsoba,Bayer Leverkusen,0.9512282647192478,0.1556804906576872,0.9512282647192478,4,9.332944409921764,8.933821065351367,2024-2025,bundesliga
luca netz,Borussia M.Gladbach,0.1908367443829774,1.3906789356842637,0.1908367443829774,16,4.518790255300701,3.879877556115389,2024-2025,bundesliga
jonas omlin,Borussia M.Gladbach,0.0,0.0,0.0,0,2.2486139982938766,2.2486139982938766,2024-2025,bundesliga
robert gumny,Augsburg,0.2829975262284279,0.2456958964467048,0.2829975262284279,3,0.6088505201041698,0.2985859364271164,2024-2025,bundesliga
tim siersleben,FC Heidenheim,0.5835042558610439,0.5471864566206932,0.5835042558610439,6,2.612182638607919,2.4144959514960647,2024-2025,bundesliga
luca philipp,Hoffenheim,0.0,0.0,0.0,0,0.1524892058223486,0.1524892058223486,2024-2025,bundesliga
sepe elye wahi,Eintracht Frankfurt,1.2418805435299871,0.1021892577409744,1.2418805435299871,1,1.3440698012709618,0.0,2024-2025,bundesliga
eren sami dinkci,Freiburg,1.0719840787351131,2.447374604642391,1.0719840787351131,23,6.607374615967274,3.55103687569499,2024-2025,bundesliga
josip stanisic,Bayern Munich,0.4346799105405807,1.5586129985749722,0.4346799105405807,14,7.743158828467131,6.437034394592047,2024-2025,bundesliga
castello lukeba,RasenBallsport Leipzig,0.6501261983066797,0.1894181314855814,0.6501261983066797,4,6.741629220545292,6.070797273889184,2024-2025,bundesliga
issa kabore,Werder Bremen,0.4616494923830032,1.2211057189852,0.4616494923830032,7,1.717530369758606,0.7496853247284889,2024-2025,bundesliga
el chadaille bitshiabu,RasenBallsport Leipzig,0.2994107417762279,0.2835954241454601,0.2994107417762279,5,3.2514192443341017,3.1303545143455267,2024-2025,bundesliga
joe scally,Borussia M.Gladbach,0.2653661556541919,1.484907627105713,0.2653661556541919,11,10.68981758505106,9.582948433235288,2024-2025,bundesliga
frank onyeka,Augsburg,1.68868612870574,1.5073444563895464,1.68868612870574,19,8.303025526925921,5.712598657235503,2024-2025,bundesliga
mads roerslev,Wolfsburg,0.0,0.0702850744128227,0.0,1,0.6111173927783966,0.6111173927783966,2024-2025,bundesliga
anthony losilla,Bochum,0.1023350022733211,0.4794825538992882,0.1023350022733211,7,3.181420609354973,2.7296648547053337,2024-2025,bundesliga
tymoteusz puchacz,Holstein Kiel,0.0918268337845802,0.5547137390822172,0.0918268337845802,8,1.2072646357119083,0.9305663034319878,2024-2025,bundesliga
maximilian bauer,Augsburg,0.0990944728255271,0.2485245633870363,0.0990944728255271,2,1.1603566110134125,0.9118320643901824,2024-2025,bundesliga
scott banks,St. Pauli,0.4491133857518434,0.0734525173902511,0.4491133857518434,1,0.8105128612369299,0.3888399507850408,2024-2025,bundesliga
mathys tel,Bayern Munich,0.8943723309785128,0.5589722990989685,0.8943723309785128,1,3.095596618950367,1.6422520205378532,2024-2025,bundesliga
jonas urbig,Bayern Munich,0.0,0.0,0.0,0,1.825435906648636,1.825435906648636,2024-2025,bundesliga
finley stevens,St. Pauli,0.0,0.0,0.0,0,0.082712173461914,0.082712173461914,2024-2025,bundesliga
aster vranckx,Wolfsburg,0.0,0.0863919183611869,0.0,1,1.5761092752218246,1.4897173568606377,2024-2025,bundesliga
moritz jenz,Mainz 05,1.7310848580673337,0.4221104737371206,1.7310848580673337,3,4.568463079631329,3.0671760998666286,2024-2025,bundesliga
kristijan jakic,Augsburg,0.7476364653557539,1.5535834319889543,0.7476364653557539,17,9.371627107262611,7.937230862677097,2024-2025,bundesliga
arthur theate,Eintracht Frankfurt,2.468275908380747,0.9711692165583372,2.468275908380747,14,13.12523146159947,11.563672157004476,2024-2025,bundesliga
david nemeth,St. Pauli,0.1715667424723506,0.1151886824518442,0.1715667424723506,3,5.116796931251884,4.970173241570592,2024-2025,bundesliga
lennard maloney,"FC Heidenheim,Mainz 05",0.1993563435971737,0.0152381360530853,0.1993563435971737,1,0.8527121841907501,0.8527121841907501,2024-2025,bundesliga
noah atubolu,Freiburg,0.0,0.0,0.0,0,4.215585736557841,4.215585736557841,2024-2025,bundesliga
leo østigard,Hoffenheim,0.290042869746685,0.0937779452651739,0.290042869746685,3,1.5835596472024918,1.5835596472024918,2024-2025,bundesliga
arijon ibrahimovic,Bayern Munich,0.0,0.0,0.0,0,0.0,0.0,2024-2025,bundesliga
jeanuël belocian,Bayer Leverkusen,0.0,0.0,0.0,0,0.1247751824557781,0.1247751824557781,2024-2025,bundesliga
kevin paredes,Wolfsburg,0.2548681795597076,0.0828192085027694,0.2548681795597076,2,0.3376874029636383,0.0,2024-2025,bundesliga
lasse rieß,Mainz 05,0.0,0.0,0.0,0,0.6256912052631378,0.6256912052631378,2024-2025,bundesliga
robert wagner,St. Pauli,0.1419104039669037,0.0,0.1419104039669037,0,1.1897150725126266,1.047804668545723,2024-2025,bundesliga
magnus knudsen,Holstein Kiel,0.8302409574389458,1.3867995142936709,0.8302409574389458,7,5.43604501336813,3.4258731435984373,2024-2025,bundesliga
gabriel vidovic,"Bayern Munich,Mainz 05",0.2042607143521309,0.0,0.2042607143521309,0,0.2042607143521309,0.0,2024-2025,bundesliga
umut tohumcu,Hoffenheim,0.0699462797492742,0.9545188024640084,0.0699462797492742,3,1.1375393066555262,0.6534786503762007,2024-2025,bundesliga
joão palhinha,Bayern Munich,0.6284849727526307,0.2982007209211588,0.6284849727526307,5,5.8210117891430855,5.276558317244053,2024-2025,bundesliga
finn becker,Hoffenheim,0.0908896625041961,0.2708841096609831,0.0908896625041961,8,1.8835724405944347,1.7200215682387352,2024-2025,bundesliga
jakub kaminski,Wolfsburg,1.105729464441538,3.519135355949402,1.105729464441538,24,4.910887062549591,2.15205841884017,2024-2025,bundesliga
tim oermann,Bochum,0.1584799885749817,0.6627056673169136,0.1584799885749817,7,4.387439666315913,3.703292796388269,2024-2025,bundesliga
tim skarke,Union Berlin,1.8874823031947017,1.4547926597297192,1.8874823031947017,16,4.5260762674734,1.596790213137865,2024-2025,bundesliga
yan couto,Borussia Dortmund,0.2509071277454495,0.9542748928070068,0.2509071277454495,12,3.791500814259052,2.99819378182292,2024-2025,bundesliga
matej kovár,Bayer Leverkusen,0.0,0.0,0.0,0,0.2082998398691415,0.2082998398691415,2024-2025,bundesliga
arne engels,Augsburg,0.6035945415496826,0.0,0.6035945415496826,0,0.4761271476745605,0.0,2024-2025,bundesliga
merlin röhl,Freiburg,1.1238267552107573,1.742141860537231,1.1238267552107573,9,3.592243045568466,1.3427801579236984,2024-2025,bundesliga
josip juranovic,Union Berlin,0.2710151607170701,2.334141382947564,0.2710151607170701,27,3.201693071052432,1.6347584621980786,2024-2025,bundesliga
david odogu,Wolfsburg,0.0695097241550684,0.0,0.0695097241550684,0,0.4305368587374687,0.4305368587374687,2024-2025,bundesliga
julien duranville,Borussia Dortmund,0.4180309381335974,0.6575317978858948,0.4180309381335974,1,1.1650417689234018,0.0894790403544902,2024-2025,bundesliga
ameen al dakhil,VfB Stuttgart,0.0534590110182762,0.1547779478132724,0.0534590110182762,2,1.846856404095888,1.829824537038803,2024-2025,bundesliga
senne lynen,Werder Bremen,0.9697776082903148,0.5434056557714939,0.9697776082903148,8,10.628164935857058,9.579863369464874,2024-2025,bundesliga
maximilian wittek,Bochum,1.7229898367077112,3.3077356219291687,1.7229898367077112,44,8.908103629946709,5.794904746115208,2024-2025,bundesliga
tim breithaupt,Augsburg,0.0680995807051658,0.3743721544742584,0.0680995807051658,1,0.4419798590242862,0.4419798590242862,2024-2025,bundesliga
grant-leon ranos,Borussia M.Gladbach,0.0,0.0,0.0,0,0.0,0.0,2024-2025,bundesliga
cédric zesiger,"Augsburg,Wolfsburg",1.1112994104623797,1.6025062557309866,1.1112994104623797,8,4.535481914877892,3.294549886137247,2024-2025,bundesliga
kevin müller,FC Heidenheim,0.0,0.0,0.0,0,3.0277598537504677,3.0277598537504677,2024-2025,bundesliga
denis thomalla,FC Heidenheim,0.0,0.0,0.0,0,0.0,0.0,2024-2025,bundesliga
omar traoré,FC Heidenheim,0.4463740745559335,1.649691142141819,0.4463740745559335,21,4.690981866791844,3.648763807490468,2024-2025,bundesliga
stefan schimmer,FC Heidenheim,1.1535760760307312,0.2204373283311724,1.1535760760307312,5,0.7608380392193794,0.0842686397954821,2024-2025,bundesliga
norman theuerkauf,FC Heidenheim,0.0378666035830974,0.0,0.0378666035830974,0,0.0,0.0,2024-2025,bundesliga
benedikt gimber,FC Heidenheim,0.7796229459345341,0.506980687379837,0.7796229459345341,3,2.0051460545510054,1.754845978692174,2024-2025,bundesliga
arthur,Bayer Leverkusen,0.0680201575160026,0.6907633915543556,0.0680201575160026,2,3.22729079797864,2.468507271260023,2024-2025,bundesliga
nicolas seiwald,RasenBallsport Leipzig,0.1574913430958986,2.60853142477572,0.1574913430958986,20,7.612222496420145,6.73781743645668,2024-2025,bundesliga
jan-niklas beste,Freiburg,0.621839139610529,0.6122618466615677,0.621839139610529,3,1.4469851534813645,0.3958272356539964,2024-2025,bundesliga
skelly alvero,Werder Bremen,0.0343166850507259,0.0,0.0343166850507259,0,0.1748683750629425,0.1748683750629425,2024-2025,bundesliga
thomas keller,FC Heidenheim,0.0097251441329717,0.0,0.0097251441329717,0,0.6035356353968382,0.5938104912638664,2024-2025,bundesliga
olivier deman,Werder Bremen,0.0,0.0,0.0,0,0.0,0.0,2024-2025,bundesliga
daniel peretz,Bayern Munich,0.0,0.0,0.0,0,0.5095114558935165,0.5095114558935165,2024-2025,bundesliga
aliou balde,Bochum,0.1531138569116592,0.4295373000204563,0.1531138569116592,2,0.5562718119472265,0.0278688725084066,2024-2025,bundesliga
mikkel kaufmann,FC Heidenheim,0.4809715747833252,0.1665191054344177,0.4809715747833252,3,1.218198135495186,0.5707074543461204,2024-2025,bundesliga
jordy makengo,Freiburg,0.0,0.457215666770935,0.0,2,3.645577549934387,3.188361875712872,2024-2025,bundesliga
kauã santos,Eintracht Frankfurt,0.0,0.0484839901328086,0.0,1,1.4686700832098722,1.420186085626483,2024-2025,bundesliga
moritz-broni kwarteng,Bochum,0.1552143841981887,0.1843577641993761,0.1552143841981887,4,1.2329154331237078,0.9355198871344328,2024-2025,bundesliga
samuel bamba,Bochum,0.3136723041534424,0.0170086007565259,0.3136723041534424,1,0.309026688337326,0.0324903130531311,2024-2025,bundesliga
adam aznou,Bayern Munich,0.0,0.0,0.0,0,0.1140698343515396,0.1140698343515396,2024-2025,bundesliga
david jurásek,Hoffenheim,0.0926363095641136,1.2873393669724464,0.0926363095641136,7,2.205351248383522,1.6020534839481115,2024-2025,bundesliga
arthur vermeeren,RasenBallsport Leipzig,0.2179020345211029,0.9440235085785388,0.2179020345211029,12,6.024250455200672,5.125127360224724,2024-2025,bundesliga
kjell-arik wätjen,Borussia Dortmund,0.0,0.0,0.0,0,0.0,0.0,2024-2025,bundesliga
anrie chase,VfB Stuttgart,0.1970731057226658,0.0516038835048675,0.1970731057226658,1,6.079055428504944,6.04193802177906,2024-2025,bundesliga
tim drexler,Hoffenheim,0.0483945850282907,0.0186726823449134,0.0483945850282907,1,1.6957852356135843,1.6770501136779783,2024-2025,bundesliga
max moerstedt,Hoffenheim,0.850104920566082,0.4129458125680685,0.850104920566082,7,1.460295056924224,0.4161513280123472,2024-2025,bundesliga
frank feller,FC Heidenheim,0.0,0.0,0.0,0,1.0266588926315308,1.0266588926315308,2024-2025,bundesliga
kosta nedeljkovic,RasenBallsport Leipzig,0.6430388912558556,0.2849142178893089,0.6430388912558556,3,1.2428867742419245,0.5224717259407043,2024-2025,bundesliga
kaishu sano,Mainz 05,0.9100602194666862,1.3164740214124322,0.9100602194666862,19,9.061351463198662,7.512129879556596,2024-2025,bundesliga
nikolas veratschnig,Mainz 05,0.2985580200329423,0.1871442943811416,0.2985580200329423,3,2.128295427188277,1.699741169810295,2024-2025,bundesliga
nediljko labrovic,Augsburg,0.0,0.0,0.0,0,0.4903677906841039,0.4903677906841039,2024-2025,bundesliga
bruno ogbus,Freiburg,0.0,0.0,0.0,0,0.0,0.0,2024-2025,bundesliga
ramon hendriks,VfB Stuttgart,0.3593189045786857,1.453582584857941,0.3593189045786857,6,4.762099333107472,3.893851261585951,2024-2025,bundesliga
alexander prass,Hoffenheim,1.0967911686748266,3.072040591388941,1.0967911686748266,19,8.999937668442726,5.422119904309511,2024-2025,bundesliga
florian micheler,Hoffenheim,0.0,0.0,0.0,0,0.0,0.0,2024-2025,bundesliga
timon weiner,Holstein Kiel,0.0,0.0,0.0,0,2.1240618973970413,2.1240618973970413,2024-2025,bundesliga
marco komenda,Holstein Kiel,0.0461564660072326,0.5511205615475774,0.0461564660072326,8,5.781026259064674,5.20318390801549,2024-2025,bundesliga
marko ivezic,Holstein Kiel,0.4393702964298427,0.259750104509294,0.4393702964298427,4,4.682860068976879,4.594297425821424,2024-2025,bundesliga
nicolai remberg,Holstein Kiel,1.5250691939145329,0.530756245367229,1.5250691939145329,8,6.245415516197681,5.393634403124452,2024-2025,bundesliga
thomas dähne,Holstein Kiel,0.0,0.0,0.0,0,2.4861515294760466,2.4861515294760466,2024-2025,bundesliga
maarten vandevoordt,RasenBallsport Leipzig,0.0,0.0,0.0,0,0.6834543664008379,0.6834543664008379,2024-2025,bundesliga
viggo gebel,RasenBallsport Leipzig,0.0,0.0,0.0,0,0.0595486164093017,0.0595486164093017,2024-2025,bundesliga
mats pannewig,Bochum,0.3752986444160342,0.0683701187372207,0.3752986444160342,1,0.8740467093884945,0.5063304528594017,2024-2025,bundesliga
aurèle amenda,Eintracht Frankfurt,0.0526179745793342,0.4818203449249267,0.0526179745793342,1,0.9811453819274902,0.9811453819274902,2024-2025,bundesliga
kamil grabara,Wolfsburg,0.0,0.0652356334030628,0.0,2,2.0407195538282394,1.9754839204251768,2024-2025,bundesliga
nikola vasilj,St. Pauli,0.0,0.0174614619463682,0.0,1,2.092847622931004,2.0753861628472805,2024-2025,bundesliga
karol mets,St. Pauli,0.115471813827753,0.0566690303385257,0.115471813827753,3,1.381996676325798,1.3495077043771744,2024-2025,bundesliga
philipp treu,St. Pauli,1.0967688458040357,2.7964528873562813,1.0967688458040357,22,10.973553114570676,8.870090406388044,2024-2025,bundesliga
jackson irvine,St. Pauli,3.682750564068556,4.798954357858747,3.682750564068556,33,9.905083059333265,4.877807507291436,2024-2025,bundesliga
connor metcalfe,St. Pauli,0.8638678248971701,0.2064672783017158,0.8638678248971701,3,0.9690996948629618,0.0460640834644436,2024-2025,bundesliga
adam dzwigala,St. Pauli,0.5729740587994456,0.0,0.5729740587994456,0,1.376060789451003,0.9805232640355824,2024-2025,bundesliga
ben voll,St. Pauli,0.0,0.2172373384237289,0.0,1,0.2559289634227752,0.0386916100978851,2024-2025,bundesliga
robin hranác,Hoffenheim,0.0,0.0,0.0,0,1.2105853706598282,1.2105853706598282,2024-2025,bundesliga
carl johansson,Holstein Kiel,0.021820617839694,0.5893798796460032,0.021820617839694,6,1.7405194640159607,1.6604828834533691,2024-2025,bundesliga
hong hyun-seok,Mainz 05,0.6619288474321365,1.8213421124964952,0.6619288474321365,10,3.789488296955824,2.136922188103199,2024-2025,bundesliga
henri koudossou,Augsburg,0.0767879709601402,0.9423977639526128,0.0767879709601402,10,4.205359624698758,3.759394759312272,2024-2025,bundesliga
almugera kabar,Borussia Dortmund,0.0,0.6894889920949936,0.0,3,0.7676253989338875,0.1263511329889297,2024-2025,bundesliga
konstantinos koulierakis,Wolfsburg,1.091104881837964,1.2700119502842426,1.091104881837964,10,6.415782926604152,6.07377159036696,2024-2025,bundesliga
dominik javorcek,Holstein Kiel,0.0117572667077183,0.8435535877943039,0.0117572667077183,4,1.4395538344979286,0.7678313702344894,2024-2025,bundesliga
cole campbell,Borussia Dortmund,0.0,0.0,0.0,0,0.0799039080739021,0.0799039080739021,2024-2025,bundesliga
yannik lührs,Borussia Dortmund,0.0,0.0269632991403341,0.0,1,0.1133385077118873,0.1133385077118873,2024-2025,bundesliga
noahkai banks,Augsburg,0.067817211151123,0.0,0.067817211151123,0,0.1468391716480255,0.1468391716480255,2024-2025,bundesliga
erik ahlstrand,St. Pauli,0.0,0.0,0.0,0,0.1699562445282936,0.1699562445282936,2024-2025,bundesliga
assan ouédraogo,RasenBallsport Leipzig,0.0276831053197383,0.0,0.0276831053197383,0,0.0276831053197383,0.0,2024-2025,bundesliga
jarzinho malanga,VfB Stuttgart,0.0,0.0,0.0,0,0.0,0.0,2024-2025,bundesliga
faik sakar,RasenBallsport Leipzig,0.0,0.0,0.0,0,0.0,0.0,2024-2025,bundesliga
maurides,St. Pauli,0.0,0.0,0.0,0,0.0,0.0,2024-2025,bundesliga
jonah kusi-asare,Bayern Munich,0.0714672058820724,0.0,0.0714672058820724,0,0.0,0.0,2024-2025,bundesliga
noah pesch,Borussia M.Gladbach,0.0,0.0,0.0,0,0.0,0.0,2024-2025,bundesliga
paul hennrich,Hoffenheim,0.0,0.0,0.0,0,0.0,0.0,2024-2025,bundesliga
david mokwa,Hoffenheim,0.129287451505661,0.0,0.129287451505661,0,0.0688088312745094,0.0,2024-2025,bundesliga
erencan yardimci,Hoffenheim,0.8402661681175232,0.0,0.8402661681175232,0,0.949959859251976,0.2570560574531555,2024-2025,bundesliga
james sands,St. Pauli,0.0834821388125419,0.010509910993278,0.0834821388125419,1,1.445773628540337,1.435263717547059,2024-2025,bundesliga
abdoulie ceesay,St. Pauli,0.0,0.0162329655140638,0.0,1,0.0162329655140638,0.0,2024-2025,bundesliga
john tolkin,Holstein Kiel,0.0259273769333958,0.6694819126278162,0.0259273769333958,10,3.197853185236454,2.965859323740005,2024-2025,bundesliga
david preu,Union Berlin,0.106883555650711,0.0,0.106883555650711,0,0.1738826185464859,0.0669990703463554,2024-2025,bundesliga
hennes behrens,Hoffenheim,0.0,0.0,0.0,0,0.0613425076007843,0.0613425076007843,2024-2025,bundesliga
luca jaquez,VfB Stuttgart,0.1187925040721893,0.0,0.1187925040721893,0,3.378763794898987,3.378763794898987,2024-2025,bundesliga
finn jeltsch,VfB Stuttgart,0.075764107517898,0.1231634365394711,0.075764107517898,2,3.3299831449985504,3.304995998740196,2024-2025,bundesliga
bazoumana touré,Hoffenheim,1.831130545586348,1.744708113372326,1.831130545586348,13,3.966055143624544,0.7440709657967091,2024-2025,bundesliga
julian niehues,FC Heidenheim,0.1495359614491462,0.1256658993661403,0.1495359614491462,3,1.316750451922417,1.109605260193348,2024-2025,bundesliga
tidiam gomis,RasenBallsport Leipzig,0.3557802066206932,0.9084494970738888,0.3557802066206932,3,1.8082721084356308,0.6518878042697906,2024-2025,bundesliga
ivan nekic,Holstein Kiel,0.0,0.0,0.0,0,0.0,0.0,2024-2025,bundesliga
tiago pereira cardoso,Borussia M.Gladbach,0.0,0.0,0.0,0,0.2478972375392913,0.2478972375392913,2024-2025,bundesliga
kacper koscierski,Bochum,0.0,0.0,0.0,0,0.0,0.0,2024-2025,bundesliga
