nombre,goles_esperados,asistencias_esperadas,goles_esperados_noPen,key_passes,xGChain,xGBuildup,temporada,liga
victor osimhen,26.626029931008816,2.648569446057081,24.34213351458311,33,23.06260520219803,2.083378940820694,2022-2023,serie-a
lautaro martínez,19.81596491392702,6.042775368317962,18.29336491879076,46,25.24886948615313,5.3684976901859045,2022-2023,serie-a
boulaye dia,9.1223160084337,2.565659542568028,8.361017173156142,35,12.28598351869732,2.865780700929463,2022-2023,serie-a
rafael leão,12.850501528009772,8.666536897420883,12.850501528009772,49,25.837798319756985,7.709507210180163,2022-2023,serie-a
olivier giroud,15.180027283728124,5.839565250091255,12.896135553717611,24,18.150510312989358,5.017484482377768,2022-2023,serie-a
ademola lookman,10.577641425654292,5.73071956448257,8.293747257441282,40,16.509120712056756,3.689325923100114,2022-2023,serie-a
m&#039;bala nzola,12.467133812606336,2.651182981207967,10.183236673474312,28,13.539749652147291,2.6491533778607845,2022-2023,serie-a
ciro immobile,14.894521465525033,2.36814247071743,11.08803047798574,26,17.061955170705914,4.235991571098566,2022-2023,serie-a
paulo dybala,9.707531973719597,7.352878376841545,5.901039339601994,53,11.511710653081536,3.696448443457484,2022-2023,serie-a
domenico berardi,11.07066909968853,6.496799468994141,4.980279427021742,45,15.024806343019009,6.569302596151829,2022-2023,serie-a
antonio sanabria,11.509437082335351,3.662014912813902,10.748136101290584,24,17.375103471800685,5.374319806694984,2022-2023,serie-a
khvicha kvaratskhelia,8.062930300831795,8.784897561185062,6.5403321124613285,54,20.764383366331455,8.34783404506743,2022-2023,serie-a
riccardo orsolini,10.20327328890562,3.219342499040067,7.91937767714262,44,11.650514734908938,3.26077987998724,2022-2023,serie-a
romelu lukaku,9.806708738207815,4.254219243302941,8.284114763140678,32,15.382605358958244,4.906544785946608,2022-2023,serie-a
marko arnautovic,8.071489023044705,2.5909547666087747,5.787593238987029,22,10.896913611330092,3.1932739103212957,2022-2023,serie-a
mattia zaccagni,8.35121201723814,5.777158467099071,7.589912839233875,36,19.419666165485975,7.7913031075149775,2022-2023,serie-a
dusan vlahovic,10.7628720626235,3.777619262225926,8.478968940675259,21,10.126459673047066,2.499461960978806,2022-2023,serie-a
teun koopmeiners,8.450882591307163,6.544764361344278,5.405682601034641,57,14.013550275936725,6.516538642346859,2022-2023,serie-a
beto,10.855348506942391,2.8929035430774093,10.0940504912287,23,13.431891795247791,1.8604375552386043,2022-2023,serie-a
felipe anderson,6.816264293156564,4.966810274869204,6.816264293156564,47,19.7677051872015,9.3158711604774,2022-2023,serie-a
edin dzeko,10.615746980533004,3.140127930790186,10.615746980533004,23,14.459573529660702,2.8057876229286194,2022-2023,serie-a
sergej milinkovic-savic,7.642115520313382,7.669951910153031,7.642115520313382,42,18.009869592264295,9.168152891099451,2022-2023,serie-a
rasmus højlund,10.287494648247955,1.900617500767112,10.287494648247955,24,13.84284788928926,2.6389122121036053,2022-2023,serie-a
tammy abraham,12.646193861961365,4.972163491882384,12.646193861961365,33,14.22906332835555,1.6856992188841105,2022-2023,serie-a
daniel ciofani,6.3114085383713245,0.6939694732427597,3.26621325686574,10,3.270833982154727,0.8133191857486963,2022-2023,serie-a
adrien rabiot,7.234948273748159,2.161040493287146,7.234948273748159,31,10.3733021132648,6.57682091742754,2022-2023,serie-a
gabriel strefezza,6.200784156098962,4.351724906824529,3.9168875012546778,49,10.515463771298528,3.9286852329969406,2022-2023,serie-a
arthur cabral,7.451762327924371,0.6834547482430935,5.929164515808225,14,7.932477874681354,2.603195808827877,2022-2023,serie-a
stephan el shaarawy,5.4267995450645685,1.4734784085303545,5.4267995450645685,28,10.21113669872284,5.769225145690143,2022-2023,serie-a
manolo gabbiadini,6.77249563112855,4.582458201795816,6.77249563112855,27,11.017689177766442,2.68714477494359,2022-2023,serie-a
antonio candreva,3.934708485379815,4.215999730862677,3.934708485379815,58,10.367786642163992,5.832567253150046,2022-2023,serie-a
arkadiusz milik,7.238381337374449,2.151501553598792,6.477082502096891,17,7.983711875975132,2.689224686473608,2022-2023,serie-a
davide frattesi,7.41614169627428,1.8945508040487768,7.41614169627428,29,12.5463175624609,4.618593320250511,2022-2023,serie-a
armand lauriente,4.168140156194568,5.566640891134739,3.4068411719053984,61,11.235810805112123,4.972771760076284,2022-2023,serie-a
david okereke,5.145014280453324,1.0039336625486612,4.383715664967895,21,7.210744492709637,2.490612177178264,2022-2023,serie-a
lewis ferguson,4.275031054392457,0.8662050403654575,4.275031054392457,17,7.4421565849334,4.644125227816403,2022-2023,serie-a
luis alberto,4.823557456955314,6.157469410449266,3.3009556103497744,66,16.062379522249103,10.72712817043066,2022-2023,serie-a
moise kean,7.225995548069477,1.26984928175807,7.225995548069477,8,8.10914070904255,0.7151638697832823,2022-2023,serie-a
nicolò barella,2.842068800702691,4.794698579236865,2.842068800702691,56,19.134255908429623,13.142524007707834,2022-2023,serie-a
stefan posch,3.613351857289672,1.844201592728496,3.613351857289672,23,7.942548343911767,5.251040143892169,2022-2023,serie-a
luka jovic,8.5522336717695,1.9561818754300475,7.790934542194009,23,7.856145803816616,1.1509785745292902,2022-2023,serie-a
brahim diaz,7.092134211212397,6.145714866928756,7.092134211212397,41,20.576036393642426,8.90387449413538,2022-2023,serie-a
francesco caputo,10.01583743840456,3.3661519289016724,8.49323957413435,28,10.890727439895272,3.452291378751397,2022-2023,serie-a
nicolás gonzález,7.058677390217781,1.6205474324524405,5.536081410944462,20,9.070842418819666,3.887412182986736,2022-2023,serie-a
nicolò cambiaghi,3.473333427682519,0.925581406801939,3.473333427682519,14,7.218042183667421,3.2655900018289685,2022-2023,serie-a
eljif elmas,3.9718787744641295,2.542299951892346,3.210579790174961,27,9.261734258383512,4.413638584315777,2022-2023,serie-a
carlos augusto,4.301485530100763,3.992013055831194,4.301485530100763,25,15.283206144347789,10.429481476545334,2022-2023,serie-a
patrick ciurria,4.573930906131864,5.45413625985384,4.573930906131864,36,15.049956364557149,9.158613251522183,2022-2023,serie-a
assan ceesay,5.534616737626493,0.7234046012163162,4.773317902348936,8,6.192364240065217,1.173143593594432,2022-2023,serie-a
cyriel dessers,6.505328755825758,2.111249329522252,5.744029771536589,23,7.769972678273916,1.177916144952178,2022-2023,serie-a
giacomo bonaventura,4.329681234434247,3.3441189378499985,4.329681234434247,34,8.122741304337978,3.141593115404248,2022-2023,serie-a
mario pasalic,5.7575409188866615,2.134295135736465,5.7575409188866615,16,10.421540008857846,4.981488577090204,2022-2023,serie-a
gianluca caprari,4.922926725819707,2.0288445204496384,4.161626698449254,30,14.902799094095826,9.932715085335076,2022-2023,serie-a
simone verdi,2.7258943542838097,2.139064395800233,1.9645955339074133,20,3.984639930538833,1.2706529526039958,2022-2023,serie-a
roberto pereyra,5.2156464494764805,5.528812682256103,4.454347640275955,48,16.398319467902184,9.13957973755896,2022-2023,serie-a
andrea pinamonti,6.853078670799732,1.8465160559862848,6.09177964925766,17,10.495561668649316,3.510547287762165,2022-2023,serie-a
nikola vlasic,5.871993156149983,4.171200027689338,5.871993156149983,63,15.104950850829482,7.149665737524629,2022-2023,serie-a
matteo pessina,4.65973300114274,2.254064967855811,2.375836374238133,22,13.934903036803007,10.935007290914657,2022-2023,serie-a
lazar samardzic,2.082535940222442,3.911521703004837,2.082535940222442,49,8.17041178792715,6.202445788308978,2022-2023,serie-a
lorenzo colombo,6.120212663896382,2.099439567886293,4.597614844329655,17,8.333452368155122,2.4184894198551774,2022-2023,serie-a
junior messias,2.508316047489643,1.262839213013649,2.508316047489643,14,7.202105224132538,4.201584496535361,2022-2023,serie-a
sandi lovric,3.895120724104345,3.1141071068122983,3.895120724104345,46,9.186829634010792,4.413520187139511,2022-2023,serie-a
dany mota,6.046952214092016,1.8663542829453943,6.046952214092016,27,10.082033520564435,2.9128061961382627,2022-2023,serie-a
pedro,3.0722561981529,2.825445529073477,3.0722561981529,23,8.645088771358132,4.437204111367464,2022-2023,serie-a
giovanni simeone,1.888841100037098,1.2880924381315708,1.888841100037098,5,3.638606633991003,0.8214001283049583,2022-2023,serie-a
darko lazovic,4.059942938387394,7.554521513171494,4.059942938387394,45,10.59328169748187,2.088784934952855,2022-2023,serie-a
davide zappacosta,1.1971252392977476,1.7962093967944384,1.1971252392977476,15,7.259060664102435,5.382886305451393,2022-2023,serie-a
riccardo saponara,3.788430626504123,3.0325667643919587,3.788430626504123,20,9.441763827577232,3.961196823976934,2022-2023,serie-a
federico dimarco,3.5055956137366597,7.459965920075774,3.5055956137366597,60,14.572408670559524,7.553523785434663,2022-2023,serie-a
lorenzo pellegrini,8.053180754184723,7.2595742754638195,5.769288748502731,70,14.073090083897114,7.648170256987214,2022-2023,serie-a
andrea petagna,5.077138273976743,3.921232812106609,4.315839259885252,29,9.593134500086308,2.257819278165698,2022-2023,serie-a
nicola sansone,3.45839299634099,1.0477161314338446,3.45839299634099,8,4.445462932810187,0.8368712309747934,2022-2023,serie-a
theo hernández,4.210004132241011,2.9274483611807227,3.448705457150936,37,13.797861007973552,9.388505255803466,2022-2023,serie-a
aleksey miranchuk,2.4004165213555098,3.609821485355496,2.4004165213555098,42,10.164356952533126,6.428497981280088,2022-2023,serie-a
ángel di maría,2.9102833797223866,5.504749771207571,2.148984365630895,41,6.952870347071439,3.997522162273526,2022-2023,serie-a
jonathan ikone,5.154328202828765,4.882002828642726,5.154328202828765,29,12.84212164580822,4.613184731453657,2022-2023,serie-a
yann karamoh,3.4552986482158303,0.8007040470838547,3.4552986482158303,10,4.442580696195364,2.0093821389600635,2022-2023,serie-a
andrea colpani,2.059443517588079,2.3543422631919384,2.059443517588079,17,4.2922855615615845,2.150717295706272,2022-2023,serie-a
bremer,5.598378501832485,1.9023838061839344,5.598378501832485,9,4.92352030146867,4.237124695442617,2022-2023,serie-a
krzysztof piatek,7.470751442015171,2.11982680298388,6.709452472627163,22,10.982484368607402,3.1498346216976643,2022-2023,serie-a
christian kouamé,5.886039672419429,3.905181766487658,5.886039672419429,39,11.305318854749205,3.7474167672917247,2022-2023,serie-a
tonny vilhena,2.3256809203885496,1.803540396504104,2.3256809203885496,19,6.9135199170559645,3.9586191112175584,2022-2023,serie-a
matheus henrique,3.804456144571304,1.540488135069609,3.804456144571304,27,8.338156580924988,3.2832372095435858,2022-2023,serie-a
tommaso baldanzi,2.289933668449521,1.853117823600769,2.289933668449521,23,4.875221950933337,1.906174630858004,2022-2023,serie-a
luca caldirola,1.3623706893995404,0.642099117860198,1.3623706893995404,5,6.609772840514779,5.94411027058959,2022-2023,serie-a
filip kostic,2.674445512704551,7.505734614096582,2.674445512704551,66,12.43901822064072,3.293163353577256,2022-2023,serie-a
hakan calhanoglu,2.911560695618391,4.5331272557377815,2.150262078270316,70,13.082031950354576,10.034150578081608,2022-2023,serie-a
henrikh mkhitaryan,2.8225445495918398,2.4785092379897837,2.8225445495918398,19,14.569757852703331,10.76952838152647,2022-2023,serie-a
chris smalling,2.247501654550433,0.57327432744205,2.247501654550433,7,7.683304813690484,7.316817824728787,2022-2023,serie-a
luis muriel,2.59260356426239,3.9207702483981848,1.83130456507206,36,7.61418541893363,3.157275542616844,2022-2023,serie-a
filip djuricic,2.4797603050246835,1.680413001216948,2.4797603050246835,33,7.397339068353176,3.782193936407566,2022-2023,serie-a
piotr zielinski,2.871987667866051,8.54276185669005,2.871987667866051,83,15.071963913738728,10.260666150599718,2022-2023,serie-a
stefano sensi,1.1833414314314723,1.9892846830189228,1.1833414314314723,24,8.968694441020489,7.108810056000948,2022-2023,serie-a
matteo politano,4.119986202567816,4.301515737548471,1.8360893912613392,34,8.443118538707495,3.883892772719264,2022-2023,serie-a
marcelo brozovic,2.0772709641605616,2.104796350002289,2.0772709641605616,23,12.804172411561012,10.28125450387597,2022-2023,serie-a
marten de roon,1.2715321807190776,1.869557256810367,1.2715321807190776,20,13.787289805710316,11.084044065326452,2022-2023,serie-a
joaquín correa,3.674687035381794,1.396730151027441,3.674687035381794,14,7.067165929824114,2.922502463683486,2022-2023,serie-a
ante rebic,3.349504828453064,2.2224357798695564,3.349504828453064,13,6.193686028942466,1.037875447422266,2022-2023,serie-a
daniele verde,2.6684047318995,1.2946078954264522,1.907105911523104,18,4.133883338421583,1.93749189004302,2022-2023,serie-a
danilo,2.4913169471547008,2.880209258757532,2.4913169471547008,19,10.750188367441297,9.792166873812675,2022-2023,serie-a
lassana coulibaly,1.100285050459206,1.870213680434972,1.100285050459206,20,7.79218075890094,5.591252405196428,2022-2023,serie-a
robin gosens,2.4085089517757297,2.2555409371852875,2.4085089517757297,16,8.326732456684113,4.685214471071959,2022-2023,serie-a
franck zambo,4.412529512308538,2.447340244427324,4.412529512308538,32,17.83548359386623,14.038029104471208,2022-2023,serie-a
musa barrow,2.8277981989085674,4.834678950719535,2.8277981989085674,43,8.612221229821444,3.147979063913226,2022-2023,serie-a
frank tsadjout,2.0377023220062256,0.3423418952152133,2.0377023220062256,10,2.509815964847803,0.6242934679612517,2022-2023,serie-a
jaka bijol,2.505442278459668,1.848342938348651,2.505442278459668,10,5.394275683909655,4.509136389940977,2022-2023,serie-a
remi oudin,1.7650826815515757,1.5305240098387003,1.7650826815515757,30,3.74467608705163,2.015547691844404,2022-2023,serie-a
giovanni di lorenzo,2.6962118204683065,5.269235385581851,2.6962118204683065,46,16.064462546259165,12.648516599088907,2022-2023,serie-a
nicolo fagioli,1.8505884343758223,0.9258906226605176,1.8505884343758223,15,4.298062361776829,1.9208921734243631,2022-2023,serie-a
ibañez,4.266787363216281,0.7104894034564495,4.266787363216281,6,7.562260813079774,6.8809112729504704,2022-2023,serie-a
hirving lozano,5.589612953364849,3.4673529155552387,4.828313939273357,30,10.249174367636442,2.7791140656918287,2022-2023,serie-a
nicolás domínguez,2.1117189154028893,3.468090552836657,2.1117189154028893,36,10.857748687267303,6.553773415274918,2022-2023,serie-a
iyenoma destiny udogie,3.5052479449659586,3.221463406458497,3.5052479449659586,34,14.62338532321155,9.417170340195298,2022-2023,serie-a
joakim maehle,3.037317520007491,2.7065567234531045,3.037317520007491,37,12.563739145174624,8.522735869511962,2022-2023,serie-a
federico baschirotto,2.203796305693686,0.462596776895225,2.203796305693686,8,2.1448944099247456,1.9154890906065705,2022-2023,serie-a
cyril ngonge,1.9918924188241365,0.461322370916605,1.9918924188241365,11,2.9980382174253464,1.3163010571151972,2022-2023,serie-a
divock origi,3.5613942109048367,1.0239905305206776,3.5613942109048367,11,4.875426270999014,0.5985912540927529,2022-2023,serie-a
gerard deulofeu,5.724186077713966,3.6979857590049514,5.724186077713966,48,10.325862884521484,3.731167707592249,2022-2023,serie-a
nemanja matic,0.9273053091019392,2.7092387108132243,0.9273053091019392,24,9.62061135098338,8.346469797194004,2022-2023,serie-a
georginio wijnaldum,2.100455414503813,0.9348020404577256,2.100455414503813,8,5.346709575504065,2.8767043836414814,2022-2023,serie-a
alessio romagnoli,0.7252986384555697,0.3194321133196354,0.7252986384555697,2,6.62292773462832,6.594446735456586,2022-2023,serie-a
duván zapata,3.8310011429712176,0.8498213132843375,3.8310011429712176,17,9.120864622294905,4.9479127917438745,2022-2023,serie-a
cristiano biraghi,1.8572904411703348,5.168609849177301,1.0959914270788431,82,8.636553605087101,6.67611073795706,2022-2023,serie-a
ilija nestorovski,1.449692104011774,0.6359671503305435,1.449692104011774,2,2.8219575379043818,0.8675671946257353,2022-2023,serie-a
federico ceccherini,0.7514250995591283,0.1448488449677825,0.7514250995591283,5,2.4430637806653976,2.3092733481898904,2022-2023,serie-a
matías vecino,2.786401204764843,0.4745106063783169,2.786401204764843,9,6.403920682147145,4.3888915199786425,2022-2023,serie-a
federico chiesa,1.7492536343634129,2.71993594430387,1.7492536343634129,20,3.938357919454575,0.7597077917307615,2022-2023,serie-a
adam masina,0.0702665746212005,0.1310307756066322,0.0702665746212005,2,4.223866701126099,4.113302305340767,2022-2023,serie-a
federico di francesco,3.6530117858201274,3.4439872670918703,3.6530117858201274,26,6.8861882127821445,0.8109445990994573,2022-2023,serie-a
gregoire defrel,4.214329432696104,0.7431206181645393,4.214329432696104,9,6.25639446079731,1.6751456148922443,2022-2023,serie-a
rafael toloi,2.8180209705606103,0.9576087854802608,2.8180209705606103,17,10.394732123240829,9.495708509348333,2022-2023,serie-a
sasa lukic,1.9514448940753937,1.3393727149814367,1.190145879983902,17,5.453935984522104,4.022419776767492,2022-2023,serie-a
fabio depaoli,1.634648784995079,1.2304359637200832,1.634648784995079,19,6.317136710509658,3.793068908154965,2022-2023,serie-a
sebastiano luperto,1.6596418600529432,0.3278897926211357,1.6596418600529432,3,3.901606610044837,3.773621609434485,2022-2023,serie-a
federico bonazzoli,2.2892312798649077,0.9725895980373024,2.2892312798649077,8,4.849526531994343,1.960826063528657,2022-2023,serie-a
jeremie boga,1.5423539131879809,3.054135125130415,1.5423539131879809,34,6.9394093453884125,4.329142197966576,2022-2023,serie-a
thomas henry,2.1148635437712078,1.166583752259612,2.1148635437712078,13,4.558824530802667,1.7198138618841767,2022-2023,serie-a
marco faraoni,3.021237078122794,1.4803453888744116,3.021237078122794,11,3.723571352660656,0.9191488036885858,2022-2023,serie-a
pietro pellegri,1.2020395696163175,0.6623884867876768,1.2020395696163175,4,1.304218873381615,0.7546784654259682,2022-2023,serie-a
grigoris kastanos,1.428749551065266,0.6296804463490844,1.428749551065266,13,3.951666227541864,2.284349365159869,2022-2023,serie-a
nikola milenkovic,1.6608780026435852,0.9129180051386356,1.6608780026435852,6,6.518136855214834,6.446478094905615,2022-2023,serie-a
antonin barak,1.80243259575218,1.468632542528212,1.80243259575218,22,5.7673686016350985,3.5789689579978585,2022-2023,serie-a
abdelhamid sabiri,3.4315860448405147,1.4997573867440224,1.908983069472015,14,3.190128283575177,1.979356275871396,2022-2023,serie-a
mathías olivera,0.8582777390256524,2.697699408978224,0.8582777390256524,23,7.0582501869648695,5.067015146836639,2022-2023,serie-a
charalampos lykogiannis,0.8298310851678252,1.0536920437589288,0.8298310851678252,18,3.534503961913288,2.7031446108594537,2022-2023,serie-a
rodrigo becão,0.9555203001946212,0.8977981172502041,0.9555203001946212,9,6.234292130917311,5.903175052255392,2022-2023,serie-a
ismael bennacer,1.1096757957711816,3.7845559045672417,1.1096757957711816,43,11.547161312773824,8.96064480021596,2022-2023,serie-a
leonardo sernicola,1.0741685228422284,2.183116588741541,1.0741685228422284,25,5.674621271900833,3.124750909395516,2022-2023,serie-a
nemanja radonjic,5.508393680676818,3.101608882658184,5.508393680676818,16,9.876190239563584,2.197630139067769,2022-2023,serie-a
roberto piccoli,1.9568387884646652,0.3051129430532455,1.9568387884646652,5,2.378617132082581,0.1166654024273157,2022-2023,serie-a
wilfried stephane singo,3.652390486560762,1.941884404048324,3.652390486560762,23,7.952180841937661,4.87803422473371,2022-2023,serie-a
giacomo raspadori,3.877549836412072,1.8889904711395504,3.877549836412072,18,7.600788619369268,3.470124702900648,2022-2023,serie-a
nehuén pérez,1.296231551095843,0.4050666019320488,1.296231551095843,10,8.594809338450432,8.217632677406073,2022-2023,serie-a
samuele ricci,2.303225079551339,2.2518239337950945,2.303225079551339,16,10.326330281794071,7.514573078602552,2022-2023,serie-a
lameck banda,2.959470801055432,1.367088827304542,2.959470801055432,14,4.827993106096983,1.026559923775494,2022-2023,serie-a
kingsley ehizibue,2.261686308309436,1.3037571012973783,2.261686308309436,8,8.353812238201499,5.425531340762973,2022-2023,serie-a
gaetano castrovilli,1.2098406441509724,0.7275023739784956,1.2098406441509724,8,2.2207628414034843,0.6794594954699278,2022-2023,serie-a
amir rrahmani,1.6289535565301776,1.1339828222990036,1.6289535565301776,12,9.056689281016588,8.126257918775082,2022-2023,serie-a
tommaso augello,1.1427788324654102,4.302606251090765,1.1427788324654102,43,9.085540952160954,5.596424685791135,2022-2023,serie-a
sandro tonali,2.344867580570281,6.739804450422525,2.344867580570281,62,15.118916081264617,10.164697060361505,2022-2023,serie-a
joshua zirkzee,3.40135763771832,1.2531945845112205,3.40135763771832,16,5.4993154136464,2.293422730173916,2022-2023,serie-a
daniel maldini,1.147613437846303,0.3267416544258594,1.147613437846303,4,1.7195454966276884,0.4224140159785747,2022-2023,serie-a
lorenzo pirola,1.2849187701940536,0.2516706958413124,1.2849187701940536,3,1.6136387651786208,1.5539294248446822,2022-2023,serie-a
alexis saelemaekers,3.149984228424728,4.600698339752853,3.149984228424728,23,11.890944784507155,4.84562626387924,2022-2023,serie-a
adolfo gaich,2.92927485704422,0.2794104479253292,2.92927485704422,5,3.222578141838312,0.3580698221921921,2022-2023,serie-a
ivan ilic,0.6122278096154332,2.349258441478014,0.6122278096154332,29,8.439980059862137,7.252860890701413,2022-2023,serie-a
razvan marin,1.0682404497638345,4.677402602508664,1.0682404497638345,56,6.430321495980024,4.61075883358717,2022-2023,serie-a
sam lammers,5.550631994381547,2.006867528893053,5.550631994381547,23,8.124749667942524,1.7731469571590424,2022-2023,serie-a
tommaso pobega,1.557087790220976,0.2637979704886675,1.557087790220976,5,4.128367939032614,2.697307800874114,2022-2023,serie-a
emmanuel gyasi,4.137508027255535,1.6554115992039442,4.137508027255535,22,8.667093068361282,3.6003370406106114,2022-2023,serie-a
simone bastoni,0.9478605585172772,1.814117493107915,0.9478605585172772,18,4.247494320385158,2.1587811075150967,2022-2023,serie-a
martín satriano,4.59474659524858,1.2629989050328732,4.59474659524858,14,6.828195720911026,1.8346428144723177,2022-2023,serie-a
nicola zalewski,1.3671502182260156,1.173217786476016,1.3671502182260156,12,6.551069766283035,4.458879033103585,2022-2023,serie-a
giorgio scalvini,1.405716024339199,1.0461288644000888,1.405716024339199,10,7.998526664450765,6.918269321322441,2022-2023,serie-a
filippo bandinelli,1.433782471343875,2.5123917683959007,1.433782471343875,31,5.64882539305836,2.687806284055114,2022-2023,serie-a
nedim bajrami,2.767102455720305,2.4118204340338707,2.767102455720305,29,7.799383405596018,4.825964016839862,2022-2023,serie-a
alessandro zanoli,2.952789666131139,1.2039675945416093,2.952789666131139,13,5.940300062298775,2.4410025849938397,2022-2023,serie-a
tyronne ebuehi,3.1933015547692776,1.993508921004832,3.1933015547692776,12,4.917498379014432,3.341418521478772,2022-2023,serie-a
pasquale mazzocchi,1.3250192208215594,2.2945157941430807,1.3250192208215594,30,4.722527238540351,1.790064763277769,2022-2023,serie-a
fabiano parisi,1.8837269730865955,1.8162786290049555,1.8837269730865955,21,8.0690455166623,5.201673832722008,2022-2023,serie-a
abdou harroui,1.7168548423796892,0.4761662185192108,1.7168548423796892,6,3.361668565310538,1.231395784765482,2022-2023,serie-a
kim min-jae,1.666691727936268,1.8716905051842327,1.666691727936268,10,10.52649396751076,10.340098449960353,2022-2023,serie-a
kristian thorstvedt,2.017801232635975,1.5006314874626696,2.017801232635975,10,6.487498443573713,3.186978831887245,2022-2023,serie-a
josh doig,1.2285026982426643,1.4402790255844593,1.2285026982426643,12,4.475398714654148,2.1143422881141305,2022-2023,serie-a
emanuele valeri,2.5298722153529525,4.336974482983351,2.5298722153529525,54,8.256239663809538,3.3098297901451588,2022-2023,serie-a
giulio donati,0.5670123249292374,0.0766734704375267,0.5670123249292374,1,1.576125469058752,0.9455099739134312,2022-2023,serie-a
matteo darmian,1.1914836382493377,2.808740334585309,1.1914836382493377,19,11.325903963297606,9.905488630756736,2022-2023,serie-a
fikayo tomori,1.8003495261073112,0.7087417002767324,1.8003495261073112,9,8.678818094544113,7.956129631958902,2022-2023,serie-a
ola aina,0.8156625367701054,2.0749858282506466,0.8156625367701054,12,4.918829470872879,3.8775984197855,2022-2023,serie-a
federico fazio,0.7743347994983196,0.074069901369512,0.7743347994983196,3,1.7065561702474952,1.5531975766643882,2022-2023,serie-a
juan cuadrado,1.2184922704473138,3.642990296706557,1.2184922704473138,41,8.404903832823038,6.403009252622724,2022-2023,serie-a
armando izzo,2.002038322389126,0.961982563138008,2.002038322389126,14,8.68965814076364,6.739318694919348,2022-2023,serie-a
bryan cristante,2.512648600153625,1.6987187564373016,1.7513495115563271,15,9.792703222483397,7.998822149820626,2022-2023,serie-a
lorenzo de silvestri,0.9660742599517108,0.2580923065543175,0.9660742599517108,6,1.7905581630766392,1.0593322310596704,2022-2023,serie-a
karol linetty,1.0267626643180847,0.8224842958152294,1.0267626643180847,21,7.398998703807592,6.066998152062297,2022-2023,serie-a
fabio quagliarella,2.7348157353699207,0.5374465249478817,2.7348157353699207,7,3.842110183089972,0.925620548427105,2022-2023,serie-a
juan jesus,0.5846714824438095,0.0382965002208948,0.5846714824438095,2,5.001702159643173,4.962621260434389,2022-2023,serie-a
leandro paredes,0.5949164545163512,1.7278349669650197,0.5949164545163512,21,3.782791016623378,3.390579277649522,2022-2023,serie-a
leonardo bonucci,1.4053347297012806,0.2505484148859977,0.6440337188541889,4,3.644719149917364,3.4630457498133183,2022-2023,serie-a
gianmarco ferrari,0.8958863206207752,0.3556445948779583,0.8958863206207752,4,6.3666478600353,6.15894447080791,2022-2023,serie-a
elseid hysaj,0.4519660770893097,1.00193031411618,0.4519660770893097,12,7.701023015193641,6.946240042336285,2022-2023,serie-a
alfred duncan,0.3654387472197413,0.7536100428551435,0.3654387472197413,14,3.56088852416724,2.939039021730423,2022-2023,serie-a
leonardo spinazzola,0.7339273989200592,2.770621247589588,0.7339273989200592,21,9.112710250541568,6.619755249470472,2022-2023,serie-a
stefan de vrij,1.4950995575636623,0.1354600042104721,1.4950995575636623,1,6.461610049009323,6.428733482956886,2022-2023,serie-a
davide calabria,0.9684418588876724,2.1136664152145386,0.9684418588876724,19,10.044177370145915,7.798883041366935,2022-2023,serie-a
mattia destro,1.9058445431292057,0.5060577057301998,1.9058445431292057,4,1.889341903850436,0.083670899271965,2022-2023,serie-a
isaac success,3.408071112819016,3.680428732186556,3.408071112819016,31,9.639216328039764,4.826852985657752,2022-2023,serie-a
zlatan ibrahimovic,1.00799161195755,0.6018450260162354,0.2466924972832203,1,1.221918789669871,0.4222663026303053,2022-2023,serie-a
roberto soriano,0.649980103597045,2.383828504011035,0.649980103597045,20,6.227694340981543,3.7024496225640178,2022-2023,serie-a
matteo bianchetti,1.231351524591446,0.5340379662811756,1.231351524591446,5,2.9574700109660625,2.4676188193261623,2022-2023,serie-a
kevin lasagna,5.461292044725269,1.4358546994626522,5.461292044725269,17,7.121251796837896,1.3984330389648676,2022-2023,serie-a
paolo ghiglione,0.6312382444739342,0.6070749275386333,0.6312382444739342,12,2.2866541631519794,1.4051702516153457,2022-2023,serie-a
jesé,0.3715038886293769,0.6771304253488779,0.3715038886293769,2,1.0550859132781625,0.0271550007164478,2022-2023,serie-a
alexis blin,2.975117596797645,0.995334199629724,2.975117596797645,15,6.872414098121226,4.275244216434658,2022-2023,serie-a
jean-daniel akpa-akpro,1.6303711291402578,1.3280059713870287,1.6303711291402578,6,3.646242944523692,2.0158139765262604,2022-2023,serie-a
koffi djidji,0.4592540077865124,0.1384010035544634,0.4592540077865124,2,6.189252130687237,5.961742024868727,2022-2023,serie-a
rolando mandragora,1.2391245793551209,4.4398750849068165,1.2391245793551209,33,9.166681533679366,6.165831116959453,2022-2023,serie-a
milan djuric,1.7081730850040913,1.5691761393100023,1.7081730850040913,21,4.016929781064391,1.7139493357390163,2022-2023,serie-a
tolgay arslan,1.9336891658604145,1.644153157249093,1.9336891658604145,15,6.354634867981076,4.71965997479856,2022-2023,serie-a
josé luis palomino,0.920313337817788,0.3698740005493164,0.920313337817788,2,4.134903479367495,3.845037780702114,2022-2023,serie-a
hans hateboer,1.9936813805252316,1.661960014142096,1.9936813805252316,13,6.937320256605744,4.254499001428485,2022-2023,serie-a
emanuel vignato,0.1569217033684253,0.5896291695535183,0.1569217033684253,5,1.5182087454013526,0.8341726041398942,2022-2023,serie-a
alessandro buongiorno,2.264299060218036,1.7444551941007376,2.264299060218036,8,8.713905170559883,8.09122883901,2022-2023,serie-a
weston mckennie,0.6379169821739197,1.5675778184086084,0.6379169821739197,8,3.6511223763227454,1.7335574850440023,2022-2023,serie-a
fode toure,1.386620882898569,0.6515411213040352,1.386620882898569,4,2.830296166241169,1.159484624862671,2022-2023,serie-a
eldor shomurodov,2.44668161123991,1.352383241057396,2.44668161123991,11,4.928926013410091,1.5285497512668371,2022-2023,serie-a
tanguy ndombele alvaro,1.0766875464469194,0.8301978725939989,1.0766875464469194,9,4.4469167198985815,3.420299923047424,2022-2023,serie-a
stanislav lobotka,0.5055775418877602,1.1335803046822548,0.5055775418877602,17,16.427517177537084,14.99005044810474,2022-2023,serie-a
gianluca mancini,2.146700669080019,1.417543638497591,2.146700669080019,15,7.184761974960566,6.477900270372629,2022-2023,serie-a
nicolas haas,1.121543249115348,0.9257133156061172,1.121543249115348,9,2.567320127040148,0.7479743994772434,2022-2023,serie-a
mehdi leris,4.025223387870938,1.7723574917763472,4.025223387870938,20,7.815881265327334,2.8350184792652726,2022-2023,serie-a
marvin zeegelaar,0.4894017577171325,0.133131350390613,0.4894017577171325,4,2.0341156413778663,1.6196615025401115,2022-2023,serie-a
salvatore esposito,0.6986130904406309,1.3112847432494164,0.6986130904406309,12,3.028219427913428,2.91070756316185,2022-2023,serie-a
nicolo zaniolo,4.032715069130063,0.8956218883395195,4.032715069130063,8,7.047851322218776,2.4075421690940857,2022-2023,serie-a
toma basic,1.3812793558463454,0.3819729760289192,1.3812793558463454,8,1.81150477938354,0.5725897885859013,2022-2023,serie-a
william troost-ekong,0.6184431239962578,0.0,0.6184431239962578,0,0.7516812887042761,0.1869073044508695,2022-2023,serie-a
mehdi bourabia,1.535386499017477,4.140788058750331,1.535386499017477,36,7.516895891167223,4.082218916155398,2022-2023,serie-a
arkadiusz reca,0.955912496894598,2.0483037270605564,0.955912496894598,23,4.22505446523428,2.1398162823170424,2022-2023,serie-a
koray günter,0.8211378576233983,0.843394273892045,0.8211378576233983,10,2.355384662747383,2.144068866968155,2022-2023,serie-a
omar colley,1.4193593338131905,0.0960261970758438,1.4193593338131905,1,2.0833404902368784,2.02595048584044,2022-2023,serie-a
dimitris nikolaou,0.7340699713677168,0.6055432399734855,0.7340699713677168,10,3.3915833812206984,2.980936732143164,2022-2023,serie-a
nicolo rovella,1.320841331966221,2.0849048728123307,1.320841331966221,23,11.923506755381824,10.56555624678731,2022-2023,serie-a
merih demiral,0.8050409089773893,0.2190365055575966,0.8050409089773893,4,5.035747922956944,4.831730909645557,2022-2023,serie-a
hans nicolussi caviglia,0.1555417720228433,0.0336770005524158,0.1555417720228433,2,0.9259967505931854,0.754391498863697,2022-2023,serie-a
gianluca gaetano,1.0837101936340332,0.1102420017123222,1.0837101936340332,1,1.2415314018726349,0.3830981738865375,2022-2023,serie-a
aleksa terzic,0.7028216775506735,1.8126036245375872,0.7028216775506735,25,3.6827908903360367,2.1551080718636517,2022-2023,serie-a
pawel dawidowicz,1.3483541049063206,1.07888999953866,1.3483541049063206,6,2.0729481941089034,1.752435921691358,2022-2023,serie-a
ruslan malinovskiy,0.6601994037628174,2.1708236187696457,0.6601994037628174,12,3.5258130449801683,2.3853710126131773,2022-2023,serie-a
georgios kyriakopoulos,1.105657061561942,2.3017012756317854,1.105657061561942,23,6.108640197664499,3.567904075607657,2022-2023,serie-a
janis antiste,0.06282489746809,0.0,0.06282489746809,0,0.5022460222244263,0.439420998096466,2022-2023,serie-a
pierre kalulu kyatengwa,1.9987561404705048,1.3354435665532949,1.9987561404705048,10,8.837405312806368,7.330242587253451,2022-2023,serie-a
pablo marí,0.66630186047405,0.1114172898232936,0.66630186047405,3,7.20591345243156,7.185781447216868,2022-2023,serie-a
luka romero,0.858429592102766,0.0364852994680404,0.858429592102766,2,0.9074546955525876,0.2150625064969062,2022-2023,serie-a
nikola moro,0.7285135164856911,2.094493269920349,0.7285135164856911,18,6.671977106481791,4.0365089774131775,2022-2023,serie-a
nicolò casale,0.5068234950304031,0.345090102404356,0.5068234950304031,4,7.858438242226839,7.858438242226839,2022-2023,serie-a
lucas martínez quarta,2.474015794694424,0.6966417208313942,2.474015794694424,8,5.283590657636523,4.252664199098945,2022-2023,serie-a
bruno amione,0.62246676068753,0.2905903086066246,0.62246676068753,3,3.045186806470156,3.045186806470156,2022-2023,serie-a
filippo ranocchia,1.52137160487473,0.2889857031404972,1.52137160487473,7,2.324698530137539,1.0368639016523955,2022-2023,serie-a
edoardo bove,1.1490710098296404,1.0293413177132609,1.1490710098296404,7,4.400389613583684,2.659473629668355,2022-2023,serie-a
yayah kallon,1.8392358804121611,1.3198289605788889,1.8392358804121611,13,3.720855683553964,0.9802096113562584,2022-2023,serie-a
denzel dumfries,4.177253388799727,6.743637535721064,4.177253388799727,32,13.965870510786772,8.083874214440584,2022-2023,serie-a
petar stojanovic,0.3356702113524079,1.0338689126074314,0.3356702113524079,19,3.835922986268997,3.000236105173826,2022-2023,serie-a
nadir zortea,0.3438796009868383,1.3147465959191322,0.3438796009868383,10,3.682670559734106,2.2604520730674267,2022-2023,serie-a
matìas soulè malvano,1.556844947859645,0.3733214298263192,1.556844947859645,9,2.363260150887072,0.6936877677217126,2022-2023,serie-a
johan vásquez,0.5733857955783606,0.2462121006101369,0.5733857955783606,6,3.217744057998061,3.1105768624693155,2022-2023,serie-a
pablo galdames,0.2628095764666796,0.6943611539900303,0.2628095764666796,10,2.1372707411646843,1.4562242049723864,2022-2023,serie-a
cristian volpato,0.2115446962416172,1.0610079625621438,0.2115446962416172,4,1.2275730036199093,0.8931019902229309,2022-2023,serie-a
michel aebischer,1.4208158934488893,0.4532312052324414,1.4208158934488893,15,3.364072555676102,2.358331148047,2022-2023,serie-a
éderson,2.0256630228832364,2.3305274434387684,2.0256630228832364,21,10.55343154910952,7.528883051127195,2022-2023,serie-a
samuel iling-junior,0.7174938870593905,0.2023944612592458,0.7174938870593905,5,2.730568047612905,1.9230435155332088,2022-2023,serie-a
christian gytkjær,3.3448120653629303,0.2401653006672859,2.583513230085373,3,3.212352268397808,0.4827405028045177,2022-2023,serie-a
joan gonzàlez,1.8161845924332736,1.6023670099675655,1.8161845924332736,15,4.975102760829032,3.0367706203833222,2022-2023,serie-a
marcos antônio,0.8832344114780426,0.4298343043774366,0.8832344114780426,3,4.065091667696834,3.1606449764221907,2022-2023,serie-a
dodô,0.5400554221123457,2.113130444660783,0.5400554221123457,28,8.634122780524194,6.984755381941795,2022-2023,serie-a
charles pickel,2.030045371502638,1.1359755769371986,2.030045371502638,20,5.679394750855863,3.1487753745168447,2022-2023,serie-a
cristian buonaiuto,2.8947981540113688,1.559725319966674,2.1334993224591017,17,4.385597541928291,1.850079108029604,2022-2023,serie-a
emil holm,0.8877306086942554,1.8249831153079867,0.8877306086942554,14,3.8496303409338,2.356549009680748,2022-2023,serie-a
erik botheim,0.3710021488368511,1.588100902736187,0.3710021488368511,8,2.7513319104909897,1.0519604459404943,2022-2023,serie-a
agustín álvarez martínez,1.261269999668002,0.4209319874644279,1.261269999668002,2,1.5799549892544746,0.3441750109195709,2022-2023,serie-a
luka lochoshvili,0.9533305000513792,1.1276969406753778,0.9533305000513792,5,1.8814018331468103,1.3135414430871606,2022-2023,serie-a
ola solbakken,1.0562524497509005,1.4002538360655308,1.0562524497509005,11,2.4018823951482773,0.158398400992155,2022-2023,serie-a
przemyslaw wisniewski,1.2363750925287604,0.5738783143460751,1.2363750925287604,3,2.800093926489353,2.336135394871235,2022-2023,serie-a
jeremy toljan,0.439777709543705,2.3516004299744964,0.439777709543705,22,9.746492493897676,8.348285891115665,2022-2023,serie-a
ricardo rodríguez,0.4302843315526843,1.552736910060048,0.4302843315526843,29,8.315714631229639,7.561104258522391,2022-2023,serie-a
franck ribéry,0.0,0.0,0.0,0,0.0,0.0,2022-2023,serie-a
kaan ayhan,0.0090911602601408,0.0,0.0090911602601408,0,1.4374095126986504,1.428317479789257,2022-2023,serie-a
albin ekdal,2.713478404097259,1.6115819476544857,2.713478404097259,10,7.085847626440227,4.310975861735642,2022-2023,serie-a
pedro obiang,0.2773713497444987,0.1584033779799938,0.2773713497444987,3,1.8345816805958748,1.568485014140606,2022-2023,serie-a
florian thauvin,0.4800590984523296,1.401131272315979,0.4800590984523296,9,2.3328343220055103,1.1886625215411186,2022-2023,serie-a
harry winks,0.4215813269838691,0.9793751584365964,0.4215813269838691,15,4.353261454030871,3.676664192229509,2022-2023,serie-a
mattia perin,0.0,0.0,0.0,0,1.137996718287468,1.137996718287468,2022-2023,serie-a
miguel veloso,0.7964164614677429,1.943397445604205,0.7964164614677429,19,2.4799762051552534,1.409036107361317,2022-2023,serie-a
tomás rincón,0.6065906286239624,1.3521954249590635,0.6065906286239624,21,4.380091402679682,3.3188716899603605,2022-2023,serie-a
mattia de sciglio,0.0694234985858202,0.4385047927498817,0.0694234985858202,8,1.8555711787194011,1.4864619858562946,2022-2023,serie-a
manuel locatelli,1.3309556283056736,1.64612689986825,1.3309556283056736,22,10.380102315917611,8.26999706402421,2022-2023,serie-a
samuele perisan,0.0,0.0,0.0,0,0.1536227986216545,0.1536227986216545,2022-2023,serie-a
vincenzo fiorillo,0.0,0.0,0.0,0,0.0,0.0,2022-2023,serie-a
marco benassi,0.875769380480051,0.5209657028317451,0.875769380480051,8,2.394029103219509,1.6071797981858251,2022-2023,serie-a
andrea belotti,4.827383181080222,1.1833526026457548,4.06608416698873,14,7.311474138870835,2.660383466631174,2022-2023,serie-a
federico marchetti,0.0,0.0,0.0,0,0.1059940010309219,0.1059940010309219,2022-2023,serie-a
patric,0.0685071498155593,0.0418150220066309,0.0685071498155593,2,7.53627740778029,7.53627740778029,2022-2023,serie-a
danilo cataldi,0.1727507980540394,1.0014556162059307,0.1727507980540394,16,7.759812088683248,7.513631049543619,2022-2023,serie-a
jacopo sala,0.0,0.0074864900670945,0.0,1,0.0150779001414775,0.0150779001414775,2022-2023,serie-a
milan skriniar,0.8666743142530322,0.2703970018774271,0.8666743142530322,6,8.847016740590334,8.610958311706781,2022-2023,serie-a
wojciech szczesny,0.0,0.0,0.0,0,2.79983204882592,2.79983204882592,2022-2023,serie-a
alessandro florenzi,0.8870779722929001,0.3894424960017204,0.8870779722929001,6,2.123231992125511,1.141822911798954,2022-2023,serie-a
mato jajalo,0.0445358008146286,0.1550526022911071,0.0445358008146286,2,0.099489502608776,0.0177101008594036,2022-2023,serie-a
giuseppe pezzella,0.1325980592519045,0.7635912243276834,0.1325980592519045,7,1.534914162941277,1.2127532428130507,2022-2023,serie-a
alex sandro,0.3904890790581703,1.097965708002448,0.3904890790581703,12,6.71926186606288,6.097039581276476,2022-2023,serie-a
daniele rugani,0.7166097518056631,0.0,0.7166097518056631,0,1.2152474112808704,1.2152474112808704,2022-2023,serie-a
emil audero,0.0,0.0,0.0,0,1.527403388172388,1.527403388172388,2022-2023,serie-a
lukasz skorupski,0.0,0.0,0.0,0,3.2067777095362544,3.2067777095362544,2022-2023,serie-a
rade krunic,1.150306936353445,1.608954580500722,1.150306936353445,15,7.770425774157047,5.433331428095698,2022-2023,serie-a
ivan radovanovic,0.1745524196885526,0.0166202001273632,0.1745524196885526,1,0.9609579956158996,0.7989900140091777,2022-2023,serie-a
alex cordaz,0.0,0.0,0.0,0,0.0976996943354606,0.0976996943354606,2022-2023,serie-a
andrea barberis,0.0843024998903274,0.5153444074094296,0.0843024998903274,4,1.1535618007183075,1.0732642002403736,2022-2023,serie-a
luigi sepe,0.0,0.0,0.0,0,1.234130217693746,1.234130217693746,2022-2023,serie-a
lorenzo tonelli,0.0,0.0,0.0,0,0.0946665108203888,0.0946665108203888,2022-2023,serie-a
vlad chiriches,0.0,0.048097301274538,0.0,1,0.7115270011126995,0.7115270011126995,2022-2023,serie-a
nicola murru,0.0270105991512537,0.0800662119872868,0.0270105991512537,2,0.8131302823312581,0.7330644689500332,2022-2023,serie-a
ciprian tatarusanu,0.0,0.4113050028681755,0.0,2,2.344731856137514,2.2349026519805197,2022-2023,serie-a
marios oikonomou,0.2493060752749443,0.0,0.2493060752749443,0,0.0,0.0,2022-2023,serie-a
alex ferrari,0.136252298951149,0.5059699043631554,0.136252298951149,5,2.028401341289282,1.8511371444910765,2022-2023,serie-a
mouhamadou sarr,0.0,0.0,0.0,0,0.0797559339553117,0.0797559339553117,2022-2023,serie-a
andrea consigli,0.0,0.0,0.0,0,6.53013426437974,6.53013426437974,2022-2023,serie-a
francesco acerbi,0.8353180605918169,0.8874063957482576,0.8353180605918169,16,9.115808375179768,8.285163655877113,2022-2023,serie-a
gianluca pegolo,0.0,0.0,0.0,0,0.1445981003344059,0.1445981003344059,2022-2023,serie-a
mattia caldara,0.7644212944433093,0.0165529996156692,0.7644212944433093,1,1.652215232141316,1.4099697284400463,2022-2023,serie-a
andrea conti,0.0,0.0,0.0,0,0.0,0.0,2022-2023,serie-a
roberto gagliardini,0.8066553119570017,0.2835769988596439,0.8066553119570017,5,3.67355315387249,3.076840272173285,2022-2023,serie-a
marco sportiello,0.0,0.0,0.0,0,1.0988748334348202,1.0988748334348202,2022-2023,serie-a
marco d&#039;alessandro,0.2131964955478906,0.1355097964406013,0.2131964955478906,3,0.9871394969522952,0.6852767951786518,2022-2023,serie-a
alberto grassi,0.4959374535828829,0.2717163655906915,0.4959374535828829,6,1.7717564776539805,1.3973325937986374,2022-2023,serie-a
samir handanovic,0.0,0.0517636872828006,0.0,1,3.6937343031167984,3.6937343031167984,2022-2023,serie-a
jeison murillo,0.1163448002189397,0.040066834539175,0.1163448002189397,2,1.1539763621985912,1.113909626379609,2022-2023,serie-a
gary medel,0.0683712977916002,0.6096254736185074,0.0683712977916002,7,5.25151233933866,4.573514459654689,2022-2023,serie-a
andrea ranocchia,0.0,0.0,0.0,0,0.0,0.0,2022-2023,serie-a
danilo d&#039;ambrosio,0.3231622837483883,1.1159177795052528,0.3231622837483883,7,2.828417155891657,2.275546859949827,2022-2023,serie-a
stefan radu,0.0,0.0,0.0,0,0.0,0.0,2022-2023,serie-a
bartlomiej dragowski,0.0,0.4697639942169189,0.0,1,1.643395529128611,1.643395529128611,2022-2023,serie-a
valerio verre,0.3865507990121841,1.046878706663847,0.3865507990121841,13,2.3559910226613283,1.164045017212629,2022-2023,serie-a
marko pjaca,0.6486202981323004,0.458277203142643,0.6486202981323004,11,1.9323869366198776,1.3920416831970217,2022-2023,serie-a
manuel de luca,0.0,0.0,0.0,0,0.0,0.0,2022-2023,serie-a
norbert gyömbér,0.7806354649364948,0.529931552708149,0.7806354649364948,3,3.316725486889481,3.144677074626088,2022-2023,serie-a
riccardo marchizza,0.0,0.1988411583006382,0.0,3,0.7481032907962799,0.5492614358663559,2022-2023,serie-a
antonio mirante,0.0,0.0,0.0,0,0.0,0.0,2022-2023,serie-a
luca zanimacchia,0.9467373881489038,0.6613525087013841,0.9467373881489038,13,2.4599271416664124,1.292407626286149,2022-2023,serie-a
luca marrone,0.0537246987223625,0.0,0.0537246987223625,0,0.3006287962198257,0.3006287962198257,2022-2023,serie-a
paul pogba,0.4918253347277641,0.357405636459589,0.4918253347277641,2,0.949359942227602,0.1109731327742338,2022-2023,serie-a
mário rui,0.6809892188757658,3.1221845080144703,0.6809892188757658,46,12.43525730073452,11.270306251943111,2022-2023,serie-a
ionut radu,0.0,0.1955696083605289,0.0,2,0.3690148126333952,0.1734452024102211,2022-2023,serie-a
pierluigi gollini,0.0,0.0,0.0,0,0.4413897898048162,0.4413897898048162,2022-2023,serie-a
alex meret,0.0,0.0,0.0,0,2.406762942671776,2.406762942671776,2022-2023,serie-a
berat gjimshiti,0.5439124777913094,0.1876526288688182,0.5439124777913094,4,6.08601988106966,5.937966920435429,2022-2023,serie-a
pepín,0.2993223574012518,1.117618684656918,0.2993223574012518,9,6.295967036858201,5.163393458351493,2022-2023,serie-a
jaime báez,0.0711053013801574,0.1248552035540342,0.0711053013801574,2,0.1895733028650283,0.0104182995855808,2022-2023,serie-a
simone romagnoli,0.0121958497911691,0.0,0.0121958497911691,0,0.0070645799860358,0.0070645799860358,2022-2023,serie-a
francesco bardi,0.0,0.0,0.0,0,0.0,0.0,2022-2023,serie-a
samir ujkani,0.0,0.0,0.0,0,0.0,0.0,2022-2023,serie-a
kastriot dermaku,0.0,0.0,0.0,0,0.0,0.0,2022-2023,serie-a
martin erlic,0.1989549156278371,0.3690258935093879,0.1989549156278371,2,5.9080091416835785,5.9080091416835785,2022-2023,serie-a
filippo romagna,0.0,0.0,0.0,0,0.0595231838524341,0.0595231838524341,2022-2023,serie-a
diego llorente,0.2525744028389454,0.094375692307949,0.2525744028389454,1,1.6798717100173235,1.6798717100173235,2022-2023,serie-a
guillermo ochoa,0.0,0.0,0.0,0,1.855428567156196,1.855428567156196,2022-2023,serie-a
gonzalo escalante,0.183239996433258,0.2103489004075527,0.183239996433258,4,0.6173969991505146,0.3278623968362808,2022-2023,serie-a
adam ounas,0.0421770997345447,0.0,0.0421770997345447,0,0.0421770997345447,0.0,2022-2023,serie-a
salvatore sirigu,0.0,0.0,0.0,0,0.1353330016136169,0.1353330016136169,2022-2023,serie-a
adama soumaoro,0.1942603960633278,0.0163205005228519,0.1942603960633278,1,3.8511825585737824,3.8511825585737824,2022-2023,serie-a
tiemoué bakayoko,0.0,0.0,0.0,0,0.0360886007547378,0.0360886007547378,2022-2023,serie-a
jean-victor makengo,0.3430799022316932,0.3785401061177254,0.3430799022316932,5,3.139482531696558,2.618910687044263,2022-2023,serie-a
samuel umtiti,0.6503426562994719,0.0725647462531924,0.6503426562994719,3,2.8460891265422106,2.745433152653277,2022-2023,serie-a
mike maignan,0.0,0.0205744318664073,0.0,1,3.144497538916766,3.1239231070503592,2022-2023,serie-a
soualiho meité,0.4154317565262317,0.5776339061558247,0.4154317565262317,14,4.274687374010682,3.672938199713826,2022-2023,serie-a
maxime lopez,0.9523587413132192,1.9877909943461416,0.9523587413132192,32,11.73911288753152,9.894963650032878,2022-2023,serie-a
kelvin adou,2.771627183072269,1.937776466831565,2.771627183072269,18,4.843680538237095,2.765018640086055,2022-2023,serie-a
mattia valoti,0.1103408001363277,0.0596627481281757,0.1103408001363277,3,1.2629075217992067,1.2208103742450476,2022-2023,serie-a
alessio cragno,0.0,0.0,0.0,0,0.1198339983820915,0.1198339983820915,2022-2023,serie-a
kevin bonifazi,0.1575594954192638,0.0150314006023108,0.1575594954192638,2,2.918904958758503,2.910178987774998,2022-2023,serie-a
salvatore molina,0.0451937988400459,0.1075790002942085,0.0451937988400459,2,0.4131043031811714,0.2851753011345863,2022-2023,serie-a
simon kjaer,0.0,0.0,0.0,0,2.792106674984097,2.792106674984097,2022-2023,serie-a
andrew gravillon,0.0146313998848199,0.0,0.0146313998848199,0,1.130753379315138,1.1161223836243153,2022-2023,serie-a
bartosz bereszynski,0.1209013983607292,0.4474230855703354,0.1209013983607292,5,1.6474014781415462,1.110429264605045,2022-2023,serie-a
alessio zerbin,0.295865748077631,0.0,0.295865748077631,0,0.6070655155926943,0.3111997824162245,2022-2023,serie-a
matteo gabbia,0.0118260998278856,0.0,0.0118260998278856,0,1.093180265277624,1.093180265277624,2022-2023,serie-a
alessandro bastoni,1.223291590809822,3.026293316856026,1.223291590809822,15,13.362329319119452,12.049552643671632,2022-2023,serie-a
francesco rossi,0.0,0.0,0.0,0,0.0,0.0,2022-2023,serie-a
michele cerofolini,0.0,0.0,0.0,0,0.2834375575184822,0.2834375575184822,2022-2023,serie-a
luca pellegrini,0.1127314642071724,0.1414546109735965,0.1127314642071724,4,0.6133130639791489,0.4174539744853973,2022-2023,serie-a
wladimiro falcone,0.0,0.088120786473155,0.0,3,0.8154107015579939,0.7272898014634848,2022-2023,serie-a
marlon santos,0.137302185408771,0.4702520072460174,0.137302185408771,1,4.036570514552295,4.008282112888992,2022-2023,serie-a
martin hongla,0.1153917014598846,0.6656009946018457,0.1153917014598846,3,1.543292697519064,0.7622974030673504,2022-2023,serie-a
walace,0.833811528980732,1.4189815446734428,0.833811528980732,18,10.0751379635185,8.777721581980586,2022-2023,serie-a
ondrej duda,0.9412492299452424,0.4823623951524496,0.9412492299452424,5,2.0484263030812144,1.1105312947183847,2022-2023,serie-a
diego demme,0.0,0.0138007998466491,0.0,1,0.6965457871556282,0.6965457871556282,2022-2023,serie-a
josip brekalo,0.4959100456908345,0.6673551648855209,0.4959100456908345,7,1.9713034965097904,1.0028591863811016,2022-2023,serie-a
adrien tameze,1.4208861012011766,0.9434823310002683,1.4208861012011766,22,5.653988944366574,3.569359024055302,2022-2023,serie-a
marco silvestri,0.0,0.0,0.0,0,3.887898661196232,3.887898661196232,2022-2023,serie-a
denis zakaria,0.0,0.0,0.0,0,0.1922229975461959,0.1922229975461959,2022-2023,serie-a
michaël cuisance,0.5691805090755224,0.5811482891440392,0.5691805090755224,6,1.699144508689642,0.7969156838953495,2022-2023,serie-a
vanja milinkovic-savic,0.0,0.2928896844387054,0.0,1,4.955102677457035,4.662213022820652,2022-2023,serie-a
petko hristov,0.0349280014634132,0.0,0.0349280014634132,0,0.3713291957974434,0.3713291957974434,2022-2023,serie-a
adam marusic,0.9903630316257476,1.5662768110632896,0.9903630316257476,9,11.72212919779122,10.488246468827128,2022-2023,serie-a
manuel lazzari,0.3667462859302759,0.6922378353774548,0.3667462859302759,10,7.964702799916267,7.375273931771517,2022-2023,serie-a
lorenzo venuti,0.5875107198953629,0.4400019682943821,0.5875107198953629,8,2.3133576307445765,1.4372521732002497,2022-2023,serie-a
bram nuytinck,0.2057299073785543,0.591020505875349,0.2057299073785543,3,2.6773003060370684,2.56820029206574,2022-2023,serie-a
junior sambia,0.6149396263062954,1.5165317878127098,0.6149396263062954,7,2.4719428047537804,1.538977125659585,2022-2023,serie-a
santiago ascacibar,0.3245410975068807,0.2394837979227304,0.3245410975068807,8,1.6430711932480335,1.2236735001206398,2022-2023,serie-a
rogerio,0.4667069837450981,2.333991654217243,0.4667069837450981,30,11.64727588184178,9.81008256971836,2022-2023,serie-a
panagiotis retsos,0.0662508010864257,0.0214111991226673,0.0662508010864257,1,0.0214111991226673,0.0,2022-2023,serie-a
marash kumbulla,0.012832099571824,0.0642220973968505,0.012832099571824,1,1.0130746439099312,1.0130746439099312,2022-2023,serie-a
valentino lazaro,0.4718340002000332,2.9764944091439247,0.4718340002000332,30,4.73222528398037,2.8800638541579247,2022-2023,serie-a
rick karsdorp,0.1056079976260662,0.9117363914847374,0.1056079976260662,6,2.1953178122639656,1.9626926854252813,2022-2023,serie-a
ethan ampadu,1.311162226833403,0.9822897519916296,1.311162226833403,13,5.243450621142983,4.331619447097182,2022-2023,serie-a
raoul bellanova,0.8140232898294926,0.7876065224409103,0.8140232898294926,3,3.0176055133342743,1.5821847803890705,2022-2023,serie-a
kristijan bistrovic,0.4617681000381708,0.3679186031222343,0.4617681000381708,6,0.8901818115264177,0.7162699028849602,2022-2023,serie-a
riccardo sottil,0.8892761254683137,1.0911845155060291,0.8892761254683137,15,3.5060180760920048,1.825381588190794,2022-2023,serie-a
luca ranieri,0.0627613067626953,0.0142540000379085,0.0627613067626953,1,2.577674798667431,2.577674798667431,2022-2023,serie-a
ndary adopo,0.0846520997583866,0.0346730984747409,0.0846520997583866,1,0.2221776964142918,0.1488058930262923,2022-2023,serie-a
gonzalo villar,0.0195598993450403,0.0,0.0195598993450403,0,1.1865397496148944,1.1865397496148944,2022-2023,serie-a
yacine adli,0.1635599080473184,0.1680316142737865,0.1635599080473184,2,0.5369165036827326,0.3245677091181278,2022-2023,serie-a
rui patrício,0.0,0.0,0.0,0,3.0333296917378902,3.0333296917378902,2022-2023,serie-a
mehmet zeki çelik,0.3334616655483842,2.079883361235261,0.3334616655483842,15,7.367225928232074,5.809961840510368,2022-2023,serie-a
pietro terracciano,0.0,0.0,0.0,0,3.923118846490979,3.923118846490979,2022-2023,serie-a
ivan provedel,0.0,0.0308308005332946,0.0,1,6.038887968286872,6.008057167753577,2022-2023,serie-a
hamed junior traore,0.9046565983444452,1.490077380090952,0.9046565983444452,17,2.936176367104053,1.5744380056858065,2022-2023,serie-a
ignacio pussetto,0.1890607997775077,0.3173728100955486,0.1890607997775077,2,0.4496330171823501,0.0300267003476619,2022-2023,serie-a
giangiacomo magnani,0.2622936880216002,0.1577718844637274,0.2622936880216002,5,0.8947161510586739,0.7755732219666243,2022-2023,serie-a
juan musso,0.0,0.0722893998026847,0.0,1,5.629459688439965,5.557170387357473,2022-2023,serie-a
ronaldo vieira,0.6341766137629747,0.0,0.6341766137629747,0,1.915165711659938,1.3187218983657658,2022-2023,serie-a
alessandro russo,0.0,0.0,0.0,0,0.0595231838524341,0.0595231838524341,2022-2023,serie-a
caleb okoli,0.7267578430473804,0.0,0.7267578430473804,0,2.9623250141739845,2.679384171962738,2022-2023,serie-a
karim zedadka,0.0,0.0,0.0,0,0.0,0.0,2022-2023,serie-a
valentin gendrey,0.8668723739683628,2.642714575864374,0.8668723739683628,27,7.145823913626373,4.896775901317596,2022-2023,serie-a
domagoj bradaric,0.1673938008025288,2.131521289236844,0.1673938008025288,17,5.198137263767421,3.404341778717935,2022-2023,serie-a
szymon zurkowski,0.8852673880755901,0.0,0.8852673880755901,0,1.2932447809726,0.4363295063376426,2022-2023,serie-a
liam henderson,0.4745572470128536,2.013968663290143,0.4745572470128536,18,4.68303988315165,3.968433963134885,2022-2023,serie-a
sofyan amrabat,0.399088985286653,0.8093137331306934,0.399088985286653,13,6.862615097314119,6.007462346926332,2022-2023,serie-a
jerdy schouten,0.2933905953541398,1.721301943063736,0.2933905953541398,19,7.8111078934744,7.151580695994198,2022-2023,serie-a
igor julio,0.3714955039322376,0.3776647970080375,0.3714955039322376,4,4.296716351993382,3.9920226158574224,2022-2023,serie-a
mert müldür,0.0,0.0,0.0,0,0.0,0.0,2022-2023,serie-a
yildirim mert cetin,0.0,0.0,0.0,0,0.0,0.0,2022-2023,serie-a
antonino gallo,0.518067067489028,1.8089760625734923,0.518067067489028,38,4.689418321475387,2.707048837095499,2022-2023,serie-a
kevin agudelo,1.3218162693083286,2.9985636109486222,1.3218162693083286,27,5.306148409843445,1.618065066635609,2022-2023,serie-a
sebastian walukiewicz,0.2078898102045059,0.0673440024256706,0.2078898102045059,1,0.6240466572344303,0.5567026548087597,2022-2023,serie-a
samuel di carmine,0.053939301520586,0.0,0.053939301520586,0,0.053939301520586,0.0,2022-2023,serie-a
andrea carboni,0.0696823000907898,0.3178460001945495,0.0696823000907898,1,0.3539299005642533,0.0360839003697037,2022-2023,serie-a
dylan bronn,0.4163308963179588,0.2843150962144136,0.4163308963179588,5,2.7686516465619206,2.6985116275027394,2022-2023,serie-a
marin pongracic,0.0137780997902154,0.1133681964129209,0.0137780997902154,2,1.320097791031003,1.206728784367442,2022-2023,serie-a
kristoffer askildsen,0.4141448391601443,0.5065091382712126,0.4141448391601443,7,1.502536976709962,1.1428260076791048,2022-2023,serie-a
oliver abildgaard,0.0614182064309716,0.2716531008481979,0.0614182064309716,6,0.8223571963608265,0.671891126781702,2022-2023,serie-a
malick thiaw,1.1181033849716189,0.1366075966507196,1.1181033849716189,2,7.309786159545183,7.064704983495176,2022-2023,serie-a
filippo terracciano,0.0890643731690943,1.297741632908583,0.0890643731690943,8,1.383052436169237,0.7783350646495819,2022-2023,serie-a
matteo lovato,0.0221066009253263,0.0,0.0221066009253263,0,1.436126945540309,1.4140203446149826,2022-2023,serie-a
enzo ebosse,0.0646630013361573,0.0204907990992069,0.0646630013361573,1,2.7276640869677067,2.7071732878685,2022-2023,serie-a
brandon soppy,0.3829770162701607,2.040378750301897,0.3829770162701607,13,3.9426916679367423,2.0717943208292127,2022-2023,serie-a
flavius daniliuc,0.7919763494282961,0.5269937962293625,0.7919763494282961,7,3.522017750889063,3.121614780277014,2022-2023,serie-a
deyovaisio zeefuik,0.0,0.0,0.0,0,0.0,0.0,2022-2023,serie-a
mergim vojvoda,1.622195415198803,4.022884428501129,1.622195415198803,23,8.919946549460292,5.675688931718469,2022-2023,serie-a
jacopo segre,0.0,0.0,0.0,0,0.0,0.0,2022-2023,serie-a
guglielmo vicario,0.0,0.0,0.0,0,2.2249075658619404,2.2249075658619404,2022-2023,serie-a
nicola ravaglia,0.0,0.0,0.0,0,1.0679433960467577,1.0679433960467577,2022-2023,serie-a
marco carnesecchi,0.0,0.4115757197141647,0.0,2,1.3965469785034657,1.0035979934036732,2022-2023,serie-a
matteo ruggeri,0.4100548010319471,1.1226284988224506,0.4100548010319471,10,4.268800996243954,3.154544737190008,2022-2023,serie-a
lorenzo montipò,0.0,0.0,0.0,0,1.144203602336347,1.144203602336347,2022-2023,serie-a
alessandro tuia,0.082428902387619,0.0162489991635084,0.082428902387619,1,0.1842466965317726,0.1679976973682642,2022-2023,serie-a
jeroen zoet,0.0,0.0,0.0,0,0.0699850395321846,0.0699850395321846,2022-2023,serie-a
salvador ferrer,0.0,0.0264368001371622,0.0,1,0.1756386645138263,0.1492018643766641,2022-2023,serie-a
giulio maggiore,0.3336095353588462,0.7266896851360798,0.3336095353588462,3,3.280711437575519,3.2585934503003955,2022-2023,serie-a
sergiño dest,0.3797862865030765,0.290605703368783,0.3797862865030765,4,2.2431370578706264,1.6795950569212437,2022-2023,serie-a
ajdin hrustic,0.2080470025539398,0.5612438954412937,0.2080470025539398,3,0.6015086993575096,0.3532638065516948,2022-2023,serie-a
franco ezequiel carboni,0.0904330015182495,0.0204239003360271,0.0904330015182495,1,0.1108569018542766,0.0,2022-2023,serie-a
matteo cancellieri,0.3220819011330604,0.5077834129333496,0.3220819011330604,3,0.8203036114573479,0.0763931982219219,2022-2023,serie-a
martin turk,0.0,0.0,0.0,0,0.267400324344635,0.267400324344635,2022-2023,serie-a
ardian ismajli,0.5891123935580254,0.2324898988008499,0.5891123935580254,5,3.007446203380823,2.906486313790083,2022-2023,serie-a
tommaso milanese,0.0,0.1312799006700515,0.0,3,0.0908000022172927,0.0,2022-2023,serie-a
alessandro bianco,0.0533926989883184,0.009255819953978,0.0533926989883184,1,0.3219158798456192,0.2592680901288986,2022-2023,serie-a
jayden braaf,0.775022067129612,0.1122498549520969,0.775022067129612,2,1.0284518152475357,0.1411793939769268,2022-2023,serie-a
valentin antov,0.0,0.0232465993613004,0.0,1,1.328463532961905,1.3052175426855683,2022-2023,serie-a
viktor kovalenko,1.2806629575788977,0.6360156089067459,1.2806629575788977,6,1.8382552526891232,0.4223183551803231,2022-2023,serie-a
emil bohinen,0.1150513300672173,0.5488790143281221,0.1150513300672173,12,1.7971084481105208,1.4295776318758726,2022-2023,serie-a
antonio raimondo,0.0,0.0,0.0,0,0.0,0.0,2022-2023,serie-a
marco bertini,0.0,0.0,0.0,0,0.0,0.0,2022-2023,serie-a
andrea cambiaso,0.8140921071171761,2.368232011795044,0.8140921071171761,28,6.691830372437835,4.884805609472096,2022-2023,serie-a
luís maximiano,0.0,0.0,0.0,0,0.0,0.0,2022-2023,serie-a
kristjan asllani,0.4414115715771913,0.6525243744254112,0.4414115715771913,11,3.365250429138541,3.189974507316947,2022-2023,serie-a
emmanuel ekong,0.0186928994953632,0.0,0.0186928994953632,0,0.0186928994953632,0.0,2022-2023,serie-a
julian kristoffersen,0.0,0.0,0.0,0,0.0,0.0,2022-2023,serie-a
pietro ceccaroni,0.0592290982604026,0.0397587865591049,0.0592290982604026,1,0.0123979989439249,0.0,2022-2023,serie-a
matias viña,0.0,0.0892124995589256,0.0,1,0.0892124995589256,0.0,2022-2023,serie-a
youssef maleh,0.8603933043777943,0.6259836331009865,0.8603933043777943,12,2.60530786216259,1.3491609003394842,2022-2023,serie-a
petar zovko,0.0,0.0,0.0,0,0.0,0.0,2022-2023,serie-a
domen crnigoj,0.05876449868083,0.2007796019315719,0.05876449868083,2,0.5329606104642153,0.3780906070023775,2022-2023,serie-a
aster vranckx,0.0351721011102199,0.3606599867343902,0.0351721011102199,1,0.8675524443387985,0.4717204421758652,2022-2023,serie-a
koni de winter,0.0,0.0832784008234739,0.0,2,0.4806388989090919,0.4806388989090919,2022-2023,serie-a
fabio miretti,2.226631075143814,1.8929376434534788,2.226631075143814,17,6.620300171896815,4.467609850689769,2022-2023,serie-a
david zima,0.6360754910856485,0.0901830978691577,0.6360754910856485,2,0.6495340913534164,0.5794433150440454,2022-2023,serie-a
jakub kiwior,0.6478291042149067,0.603023998439312,0.6478291042149067,4,1.3383745020255446,0.8842264069244266,2022-2023,serie-a
david strelec,0.573248490691185,0.1154860034584999,0.573248490691185,1,0.2473404984921217,0.0652117002755403,2022-2023,serie-a
gerard yepes,0.0650985017418861,0.0195598993450403,0.0650985017418861,1,0.173515098169446,0.1084163021296262,2022-2023,serie-a
filippo missori,0.0,0.0,0.0,0,0.7619778290390968,0.7619778290390968,2022-2023,serie-a
felix afena-gyan,1.573454374447465,0.1365373022854328,1.573454374447465,3,2.2429215647280216,0.9630447197705508,2022-2023,serie-a
niklas pyyhtia,0.3497706949710846,0.1657493785023689,0.3497706949710846,2,0.5518059656023979,0.0362858995795249,2022-2023,serie-a
mattia zanotti,0.0,0.1071629971265792,0.0,1,0.1071629971265792,0.0,2022-2023,serie-a
diego coppola,0.2697019949555397,0.0,0.2697019949555397,0,1.550330376252532,1.449889374896884,2022-2023,serie-a
ruan,0.945482486858964,0.0193500407040119,0.945482486858964,1,2.46853306889534,2.46853306889534,2022-2023,serie-a
leo østigard,0.0635099727660417,0.0,0.0635099727660417,0,2.3383982833474874,2.3280232902616262,2022-2023,serie-a
nicolò cocetta,0.0,0.0,0.0,0,0.0098548782989382,0.0098548782989382,2022-2023,serie-a
jacopo fazzini,0.9704465474933386,0.7732232045382261,0.9704465474933386,9,2.3094176799058914,1.0170093085616827,2022-2023,serie-a
tommaso de nipoti,0.0,0.0,0.0,0,0.0,0.0,2022-2023,serie-a
antonio iervolino,0.0,0.0,0.0,0,0.6687952876091003,0.6687952876091003,2022-2023,serie-a
marko lazetic,0.0575866997241973,0.0,0.0575866997241973,0,0.0575866997241973,0.0,2022-2023,serie-a
denso kasius,0.1269411966204643,1.1126399785280228,0.1269411966204643,5,1.8289993647485967,0.6912096012383699,2022-2023,serie-a
liberato cacace,0.3184853848069906,0.7195627372711897,0.3184853848069906,7,1.0453370325267315,0.8732879441231489,2022-2023,serie-a
emil ceïde,1.1233562361449003,1.4800910614430904,1.1233562361449003,8,3.2437249831855297,0.7564365416765213,2022-2023,serie-a
demba seck,0.8866260163486004,0.6646369472146034,0.8866260163486004,6,2.6749619841575623,1.1236978275701404,2022-2023,serie-a
daniele montevago,0.5798349939286709,0.1955647384747862,0.5798349939286709,4,0.7314657140523195,0.0,2022-2023,serie-a
mario gila,0.0,0.0,0.0,0,1.0836139619350431,1.0836139619350431,2022-2023,serie-a
simone pafundi,0.0181744992733001,0.1099410988390445,0.0181744992733001,3,0.1030707973986864,0.0703165978193283,2022-2023,serie-a
duccio degli innocenti,0.0,0.0,0.0,0,0.0,0.0,2022-2023,serie-a
charles de ketelaere,2.647942738607526,2.665880348533392,2.647942738607526,20,9.00316684693098,4.739595953375101,2022-2023,serie-a
festy ebosele,0.2106519993394613,0.832483746111393,0.2106519993394613,5,1.10084555670619,0.1728477030992508,2022-2023,serie-a
axel guessand,0.0,0.0,0.0,0,0.0,0.0,2022-2023,serie-a
james abankwah,0.0,0.0,0.0,0,0.0,0.0,2022-2023,serie-a
lorenzo malagrida,0.1508172526955604,0.0699507817625999,0.1508172526955604,2,0.3057148214429617,0.1548975687474012,2022-2023,serie-a
michele di gregorio,0.0,0.1993340104818344,0.0,1,3.494345225393772,3.295011229813099,2022-2023,serie-a
samuele birindelli,1.1182987736538053,1.7004088154062629,1.1182987736538053,18,5.152582303620875,3.239078818820417,2022-2023,serie-a
samuele vignato,0.0340417139232158,0.3808075487613678,0.0340417139232158,2,1.2584771364927292,0.8436278998851776,2022-2023,serie-a
warren bondo,0.046109601855278,0.0,0.046109601855278,0,0.046109601855278,0.046109601855278,2022-2023,serie-a
emirhan ilkhan,0.0440558902919292,0.0814961604773998,0.0440558902919292,2,1.1882013641297815,1.1441452763974669,2022-2023,serie-a
brian bayeye,0.0,0.0122734932228922,0.0,1,0.1227924926206469,0.1105189993977546,2022-2023,serie-a
morten hjulmand,0.491272771731019,1.794936815276742,0.491272771731019,25,7.871476680040359,6.6831129267811775,2022-2023,serie-a
thórir helgason,0.0525697795674204,0.5119712520390749,0.0525697795674204,4,0.1699342830106616,0.1628697030246257,2022-2023,serie-a
marcin listkowski,0.0714624971151351,0.0,0.0714624971151351,0,0.0911933965981006,0.0197308994829654,2022-2023,serie-a
joel voelkerling persson,0.0348738580942153,0.0231029000133276,0.0348738580942153,1,0.1747420951724052,0.139868238940835,2022-2023,serie-a
pablo rodríguez,0.0,0.0147596001625061,0.0,1,0.0313156992197036,0.0165561009198427,2022-2023,serie-a
andré onana,0.0,0.0979619733989238,0.0,3,5.456124410033226,5.393919620662928,2022-2023,serie-a
emanuel aiwu,0.0758662316948175,0.1516227712854743,0.0758662316948175,4,1.7030266216024756,1.5427827052772043,2022-2023,serie-a
giacomo quagliata,0.3579525062814355,0.705325985327363,0.3579525062814355,13,1.285959213040769,0.7513819970190525,2022-2023,serie-a
christian acella,0.0,0.0,0.0,0,0.0,0.0,2022-2023,serie-a
mikael ellertsson,0.1069720014929771,0.0213239006698131,0.1069720014929771,1,0.3444938063621521,0.2161980047821998,2022-2023,serie-a
diego valencia,0.0408505983650684,0.0962239988148212,0.0408505983650684,2,0.2493155021220445,0.1122411992400884,2022-2023,serie-a
mile svilar,0.0,0.0,0.0,0,0.3965464234352112,0.3965464234352112,2022-2023,serie-a
alessandro cortinovis,0.0,0.0,0.0,0,0.031080899760127,0.031080899760127,2022-2023,serie-a
sulemana,0.2386943204328417,0.2053570291027426,0.2386943204328417,5,1.0529716918244958,0.838945783674717,2022-2023,serie-a
federico gatti,0.4284385833889246,1.033487942069769,0.4284385833889246,6,3.0658586639910936,2.8941859770566225,2022-2023,serie-a
luca d&#039;andrea,0.3176851961761713,0.7022525891661644,0.3176851961761713,10,1.0461333151906729,0.0526688992977142,2022-2023,serie-a
perr schuurs,0.9287161212414504,1.0663854666054249,0.9287161212414504,7,7.277536360546946,6.548052653670311,2022-2023,serie-a
leandro sanca,0.0,0.0,0.0,0,0.0,0.0,2022-2023,serie-a
joaquín sosa,0.0381173137575387,0.0,0.0381173137575387,0,0.8887905506417155,0.882485150359571,2022-2023,serie-a
simone perilli,0.0,0.0,0.0,0,0.050280500203371,0.050280500203371,2022-2023,serie-a
michele castagnetti,0.4735700115561485,1.772659558802843,0.4735700115561485,25,4.723732424899936,3.4107125028967857,2022-2023,serie-a
jhon lucumí,0.597507655620575,0.3969262149184942,0.597507655620575,9,7.856628499925137,7.647861702367663,2022-2023,serie-a
julius beck,0.0,0.0,0.0,0,0.0570342987775802,0.0570342987775802,2022-2023,serie-a
telasco segovia,0.0,0.0,0.0,0,0.0170570742338895,0.0170570742338895,2022-2023,serie-a
isak hien,0.2033981811255216,0.0712822005152702,0.2033981811255216,2,2.1519743874669075,2.0806921888142824,2022-2023,serie-a
juan cabal,0.0144301503896713,0.1298690978437662,0.0144301503896713,2,0.7122534289956093,0.6704411786049604,2022-2023,serie-a
valentín carboni,0.0,0.0151193998754024,0.0,1,0.1119282022118568,0.0968087017536163,2022-2023,serie-a
vivaldo semedo,0.0578652434051036,0.0,0.0578652434051036,0,0.0578652434051036,0.0,2022-2023,serie-a
mady camara,0.3677240628749132,0.4072929732501507,0.3677240628749132,3,2.4740569461137056,1.818588824942708,2022-2023,serie-a
jack hendry,0.0,0.039395298808813,0.0,1,0.2265308983623981,0.187135599553585,2022-2023,serie-a
tommaso barbieri,0.0,0.0,0.0,0,0.0174028798937797,0.0174028798937797,2022-2023,serie-a
enzo barrenechea,0.0452374015003442,0.0218720994889736,0.0452374015003442,1,0.1742592006921768,0.1523870974779129,2022-2023,serie-a
benjamin tahirovic,0.0,0.1059469701722264,0.0,4,0.9603355508297682,0.9206289798021317,2022-2023,serie-a
leonardo buta,0.0,0.0,0.0,0,0.1514733880758285,0.1514733880758285,2022-2023,serie-a
lukas vorlicky,0.0404363013803958,0.0,0.0404363013803958,0,0.107354000210762,0.0669182017445564,2022-2023,serie-a
flavio paoletti,0.0,0.0294646006077528,0.0,1,0.5179407801479101,0.5179407801479101,2022-2023,serie-a
joão moutinho,0.0,0.0216665007174015,0.0,1,0.0216665007174015,0.0,2022-2023,serie-a
gvidas gineitis,0.016109000891447,0.0,0.016109000891447,0,0.5595239996910095,0.5434149950742722,2022-2023,serie-a
jordan majchrzak,0.0,0.0,0.0,0,0.0,0.0,2022-2023,serie-a
tommaso cassandro,0.0,0.0,0.0,0,0.0,0.0,2022-2023,serie-a
raimonds krollis,0.0779022723436355,0.0210694391280412,0.0779022723436355,1,0.1557604745030403,0.0778578966856002,2022-2023,serie-a
tio cipot,0.030384000390768,0.1873133704066276,0.030384000390768,3,0.1248675435781478,0.0728736445307731,2022-2023,serie-a
herculano nabian,0.0,0.0,0.0,0,0.0,0.0,2022-2023,serie-a
mihailo ivanovic,0.0,0.0,0.0,0,0.0,0.0,2022-2023,serie-a
niccolò pisilli,0.0,0.0,0.0,0,0.0,0.0,2022-2023,serie-a
alberto basso,0.0675310939550399,0.0,0.0675310939550399,0,0.0675310939550399,0.0,2022-2023,serie-a
samuel ntanda,0.0528937056660652,0.0,0.0528937056660652,0,0.0528937056660652,0.0528937056660652,2022-2023,serie-a
